Date,Silver_USD,USDZAR,Gold_USD,SP500,VIX,DXY,Brent,US_Interest_Rate,US_10Y_Yield,Silver_ZAR,log_returns,return_lag_1,return_lag_2,return_lag_3,return_lag_4,momentum_7,momentum_14,MA_ratio_short,gold_returns,sp500_returns,fx_returns,brent_returns,dxy_returns,vix_changes,gold_silver_ratio,gold_fx_interaction,target_return,volatility_7,volatility_14,volatility_ratio,realized_vol_21,realized_vol_63,gold_vol_21,sp500_vol_21,fx_vol_21,brent_vol_21,abs_return_lag_1,abs_return_lag_2,abs_return_lag_3,abs_return_lag_4,target_vol,volatility_21,volatility_63
2025-07-02,36.42599868774414,17.592470169067383,3348.0,6227.419921875,16.639999389648438,96.77999877929688,69.11000061035156,4.33,4.26,640.8232952926264,0.003095607592826815,0.0027021138475669016,-0.010187269117774164,-0.006132150329824764,0.012613994610585169,-12.143236754804093,1.2637442647028365,1.0184749214833377,0.003380872641776682,0.0047338743064907745,-0.006393015428844698,0.02936637366995736,-0.0004132326075602726,-0.011289396014196651,91.9123735961278,-2.1613970961837263e-05,0.007881518596813105,0.012841281478225521,0.012562871855511103,1.0221613040327466,,,0.009470293511263463,0.006148159175977811,0.006076267352029953,0.03127117557006748,0.0027021138475669016,0.010187269117774164,0.006132150329824764,0.012613994610585169,0.007399191700577932,0.013672819747129531,0.022896371200099776
2025-07-03,36.784000396728516,17.559099197387695,3331.60009765625,6279.35009765625,16.3799991607666,97.18000030517578,68.80000305175781,4.33,4.26,645.8939118429043,0.007881518596813105,0.003095607592826815,0.0027021138475669016,-0.010187269117774164,-0.006132150329824764,9.887723867483146,5.405392884858884,1.0180256935173222,-0.004910454236063616,0.00830437821066394,-0.0018986908582694975,-0.004495657638656478,0.004124583366074667,-0.015625014328040088,90.57198949879728,9.323434567964718e-06,-0.00342176553593641,0.007908194845435437,0.012730882486567657,0.6211819843423555,,,0.00943839725459873,0.0062437944803581235,0.005887975987288705,0.03118503266353358,0.003095607592826815,0.0027021138475669016,0.010187269117774164,0.006132150329824764,0.006972992304376847,0.013503471793535882,0.02279116224138982
2025-07-04,36.775001525878906,17.503400802612305,3332.5,6279.35009765625,16.3799991607666,97.18000030517578,68.29000091552734,4.33,4.26,643.6875912241376,-0.00342176553593641,0.007881518596813105,0.003095607592826815,0.0027021138475669016,-0.010187269117774164,4.203686645676498,-0.4815019009402022,1.0166142554871076,0.0002700746795615175,0.0,-0.00317709470954403,-0.007440432916781375,0.0,0.0,90.6186230245263,-8.580528356166964e-07,0.0005580799366641404,0.008011188376247808,0.012682087931547062,0.631693173828242,,,0.00929532210415878,0.006245189320672666,0.00589801027178034,0.031101209747711467,0.007881518596813105,0.003095607592826815,0.0027021138475669016,0.010187269117774164,0.004111788845640545,0.013560747217739455,0.02166803213887209
2025-07-07,36.6150016784668,17.58970069885254,3332.199951171875,6229.97998046875,17.790000915527344,97.4800033569336,69.58000183105469,4.33,4.26,644.0469206122143,0.0005580799366641404,-0.00342176553593641,0.007881518596813105,0.003095607592826815,0.0027021138475669016,-3.554520137498912,-8.300266714810277,1.013131506243354,-9.004121131513318e-05,-0.007893368104244017,0.00491834956245956,0.018713839660154073,0.0030823310760854585,0.08608069761920256,91.0064126292676,-4.428541522751141e-07,0.01109602388901022,0.006165477665436221,0.012153959689957567,0.5072813982204137,,,0.009186239507738966,0.006428521740096156,0.006024469541250261,0.0312887887805874,0.00342176553593641,0.007881518596813105,0.003095607592826815,0.0027021138475669016,0.005767193758404036,0.01181476726112159,0.01734429961115062
2025-07-08,36.47200012207031,17.85569953918457,3307.0,6225.52001953125,16.809999465942383,97.51000213623047,70.1500015258789,4.33,4.26,651.2330757727905,0.01109602388901022,0.0005580799366641404,-0.00342176553593641,0.007881518596813105,0.003095607592826815,7.590673296581372,-9.547156514134258,1.012229438622086,-0.007591297859755788,-0.0007161432504695748,0.015009215984903438,0.008158632260514456,0.00030769556067941503,-0.055087206247954934,90.67229625278583,-0.00011393942918280982,-0.007807285794035463,0.007050858232738618,0.012009836519295958,0.5870902756594687,,,0.009152433270769467,0.00619077888327483,0.006784087011447046,0.031146670620164314,0.0005580799366641404,0.00342176553593641,0.007881518596813105,0.003095607592826815,0.007816871192215778,0.012021484421397721,0.016649751964406614
2025-07-09,36.35100173950195,17.77581024169922,3311.60009765625,6263.259765625,15.9399995803833,97.47000122070312,70.19000244140625,4.33,4.26,646.1685090170649,-0.007807285794035463,0.01109602388901022,0.0005580799366641404,-0.00342176553593641,0.007881518596813105,9.04977928649896,-16.818588063833886,1.0113380618416588,0.0013900517720019155,0.00604380277677969,-0.004484201306362169,0.0005700572250220184,-0.0004103078818324033,-0.05175490262933857,91.10065580552066,-6.233271971922038e-06,0.020506593223684626,0.006411957673501212,0.012066724629191037,0.5313751552753445,,,0.009133856069109304,0.00625687145605345,0.006825893310946283,0.031118794617056647,0.01109602388901022,0.0005580799366641404,0.00342176553593641,0.007881518596813105,0.01149988040536884,0.011172282899062117,0.01658090376572283
2025-07-10,37.03799819946289,17.80755043029785,3317.39990234375,6280.4599609375,15.779999732971191,97.6500015258789,68.63999938964844,4.33,4.26,659.5560207742164,0.020506593223684626,-0.007807285794035463,0.01109602388901022,0.0005580799366641404,-0.00342176553593641,20.71339566962706,12.18369021727267,1.0124171519038045,0.0017498283805606845,0.0027424410729257912,0.0017839909675367528,-0.0223304392375125,0.0018450220756838643,-0.010037631845926431,89.56747296326229,3.1216780256597247e-06,0.03840831756293673,0.009511957910930478,0.01166081053470487,0.8157201322001603,,,0.009116009525255417,0.0062093850462937245,0.0067934390617406205,0.031565554796585765,0.007807285794035463,0.01109602388901022,0.0005580799366641404,0.00342176553593641,0.017974281721647712,0.01193908683847755,0.016222285468247555
2025-07-11,38.67599868774414,17.721099853515625,3356.0,6259.75,16.399999618530273,97.8499984741211,70.36000061035156,4.33,4.26,685.3812346799532,0.03840831756293673,0.020506593223684626,-0.007807285794035463,0.01109602388901022,0.0005580799366641404,44.55793938732677,32.414702632522676,1.0177309171255091,0.011568474452741711,-0.0033029717732258423,-0.004866537102327472,0.024749482256414015,0.0020460052993358695,0.03929023422374556,86.77216138864611,-5.629841014159503e-05,0.006053733425741039,0.015855600646979384,0.015256773241501417,1.0392499381093925,,,0.00946244309297897,0.006231170168215354,0.006877766866099325,0.03063253033211637,0.020506593223684626,0.007807285794035463,0.01109602388901022,0.0005580799366641404,0.01720921498625253,0.014103094085984338,0.01684107108316178
2025-07-14,38.46200180053711,17.927900314331055,3351.5,6268.56005859375,17.200000762939453,98.08000183105469,69.20999908447266,4.33,4.26,689.5429341696508,0.006053733425741039,0.03840831756293673,0.020506593223684626,-0.007807285794035463,0.01109602388901022,43.64902232674649,53.536746194229636,1.0218891382421058,-0.0013417817890844313,0.0014064243309367943,0.011602164415522353,-0.01647958091853313,0.002347812608868964,0.048780558720578515,87.13795026532388,-1.5567572926711307e-05,-0.017807876138051463,0.01590365377805906,0.01262210608298605,1.2599841637756766,,,0.008595754561559215,0.006215181329273693,0.007321655628713851,0.030827773475892703,0.03840831756293673,0.020506593223684626,0.007807285794035463,0.01109602388901022,0.02236460240283816,0.014108771008692197,0.016113889593921328
2025-07-15,37.83399963378906,17.903799057006836,3329.800048828125,6243.759765625,17.3799991607666,98.62000274658203,68.70999908447266,4.33,4.26,677.3723269662296,-0.017807876138051463,0.006053733425741039,0.03840831756293673,0.020506593223684626,-0.007807285794035463,33.684735742092016,37.888422387768514,1.026355185936328,-0.006495750023279325,-0.003964145065672561,-0.0013452480000516922,-0.007250611907048874,0.0054906177892393776,0.010465022665288926,88.0107860934249,8.738394727652245e-06,-2.1866538800461984e-05,0.018539113149556807,0.014110637127917637,1.3138395510772163,,,0.00794549834899347,0.005617218160722758,0.007295574648305632,0.026618380159888107,0.006053733425741039,0.03840831756293673,0.020506593223684626,0.007807285794035463,0.021243073195431197,0.014839955701827308,0.016226781234715566
2025-07-16,37.85300064086914,17.894420623779297,3352.5,6263.7001953125,17.15999984741211,98.38999938964844,68.5199966430664,4.33,4.26,677.3575153398997,-2.1866538800461984e-05,-0.017807876138051463,0.006053733425741039,0.03840831756293673,0.020506593223684626,33.310594727685384,29.756074590186472,1.030406788773632,0.006794079381100563,0.0031885685253844154,-0.0005239608855258687,-0.0027691112545783292,-0.0023349419718482222,-0.012658188951534366,88.56629443480293,-3.5598318488544975e-06,0.001343722159001189,0.018575455043961225,0.013927880842274629,1.3336885384300559,,,0.007872901361283262,0.005374208049645148,0.0069624787429879015,0.02652202902757313,0.017807876138051463,0.006053733425741039,0.03840831756293673,0.020506593223684626,0.02045874757993933,0.01465983915699656,0.016173747519025596
2025-07-17,38.055999755859375,17.822900772094727,3340.10009765625,6297.35986328125,16.520000457763672,98.7300033569336,69.5199966430664,4.33,4.26,678.2683074315428,0.001343722159001189,-2.1866538800461984e-05,-0.017807876138051463,0.006053733425741039,0.03840831756293673,27.03523165875231,34.62590495533368,1.0330550177020523,-0.0037055602760010316,0.005359380240011013,-0.004004776644896677,0.01448880820593591,0.0034497189502243992,-0.03729600205940298,87.76802919602669,1.4839941249585814e-05,0.0031884657695124183,0.018600593238644512,0.013683366495973645,1.3593579653163401,,,0.00788666774871689,0.004888324070536798,0.006867914401709924,0.024705313286575954,2.1866538800461984e-05,0.017807876138051463,0.006053733425741039,0.03840831756293673,0.009423984465405771,0.014439449992410525,0.015773738542987307
2025-07-18,38.222999572753906,17.801700592041016,3353.0,6296.7900390625,16.40999984741211,98.4800033569336,69.27999877929688,4.33,4.26,680.4343941238767,0.0031884657695124183,0.001343722159001189,-2.1866538800461984e-05,-0.017807876138051463,0.006053733425741039,34.265885106811766,43.315664393310726,1.0381826799238012,0.003854691586396078,-9.049030280841674e-05,-0.0011901990054372512,-0.003458186035497487,-0.0025353696608453294,-0.006658632403358511,87.72205314807589,-4.587850092395952e-06,0.01702651051917473,0.0177014370786085,0.013090010998127283,1.352285882811019,,,0.007941618105512064,0.004882399236064691,0.006525547568274219,0.024642805138533126,0.001343722159001189,2.1866538800461984e-05,0.017807876138051463,0.006053733425741039,0.012411827747445607,0.01443842996627655,0.015307600959634652
2025-07-21,39.10100173950195,17.7007999420166,3401.89990234375,6305.60009765625,16.649999618530273,97.8499984741211,69.20999908447266,4.33,4.26,692.1190093233672,0.01702651051917473,0.0031884657695124183,0.001343722159001189,-2.1866538800461984e-05,-0.017807876138051463,32.56298854915076,53.27638421877782,1.0424135394611118,0.01447860287732854,0.001398157005673256,-0.005684158590440966,-0.0010108990088111345,-0.006417837715639151,0.014625214707483014,87.00288358359285,-8.229867492275031e-05,-0.00028481125410658673,0.017316051563053828,0.013476116829607745,1.2849437105657575,,,0.008457830943477688,0.004773877606488298,0.006616745915063756,0.024576426664898756,0.0031884657695124183,0.001343722159001189,2.1866538800461984e-05,0.017807876138051463,0.0072736834354618215,0.01362098236135144,0.015427867216397228
2025-07-22,39.31999969482422,17.597200393676758,3439.199951171875,6309.6201171875,16.5,97.38999938964844,68.58999633789062,4.33,4.26,691.9219141091307,-0.00028481125410658673,0.01702651051917473,0.0031884657695124183,0.001343722159001189,-2.1866538800461984e-05,6.540679429177544,51.09861881650431,1.0417132128114126,0.010904801640990577,0.0006373284966667569,-0.005870012172488586,-0.008998649505592557,-0.004712148542002449,-0.00900898630432001,87.46693738211256,-6.40113183711882e-05,-0.003703343303073003,0.01035081802147288,0.013556826454669503,0.7635133529283804,,,0.008748588630541329,0.004515489355034341,0.006622181187742841,0.01880168150868674,0.01702651051917473,0.0031884657695124183,0.001343722159001189,2.1866538800461984e-05,0.007967512632759589,0.013582139736057956,0.015415241590645173
2025-07-23,39.27799987792969,17.550899505615234,3394.10009765625,6358.91015625,15.369999885559082,97.20999908447266,68.51000213623047,4.33,4.26,689.3642286391114,-0.003703343303073003,-0.00028481125410658673,0.01702651051917473,0.0031884657695124183,0.001343722159001189,-0.17870553053944604,43.470316796207044,1.0394436812106966,-0.013200213092493647,0.007781532145702873,-0.0026346183706211367,-0.0011669469238256023,-0.00184995229108039,-0.06848485542066174,86.4122437039722,3.477752390959741e-05,-0.008800594170211609,0.010269543690871064,0.013751131841553774,0.7468144302011639,,,0.008279897626957251,0.004242093274585939,0.005987353331399349,0.01266810447523385,0.00028481125410658673,0.01702651051917473,0.0031884657695124183,0.001343722159001189,0.009750447811307628,0.011961258985632542,0.01534665805976946
2025-07-24,39.020999908447266,17.511699676513672,3371.0,6363.35009765625,15.390000343322754,97.37999725341797,69.18000030517578,4.33,4.26,683.324031473996,-0.008800594170211609,-0.003703343303073003,-0.00028481125410658673,0.01702651051917473,0.0031884657695124183,5.951704507766408,39.636440249858424,1.0384334131101303,-0.006829222657993172,0.0006979799969332514,-0.002235991988505639,0.00973205672425079,0.0017472451348277392,0.0013012659669868754,86.38938028008467,1.527008715099392e-05,-0.01635496147554389,0.007981103308754229,0.014065621444488346,0.5674191744924038,,,0.008443766809398238,0.004227936580367038,0.005908891081524567,0.012721450172968732,0.003703343303073003,0.00028481125410658673,0.01702651051917473,0.0031884657695124183,0.01244254642859042,0.012265470497075767,0.015402353793137535
2025-07-25,38.16699981689453,17.613100051879883,3334.0,6388.64013671875,14.930000305175781,97.6500015258789,68.44000244140625,4.33,4.26,672.2391864550445,-0.01635496147554389,-0.008800594170211609,-0.003703343303073003,-0.00028481125410658673,0.01702651051917473,-5.118328884855146,28.19226584283024,1.0356620369414067,-0.011036651923321424,0.003966451001680552,0.005773735812907276,-0.010754323224147226,0.002768850398919155,-0.02988954047337322,87.35294930161665,-6.372271246427286e-05,0.0033708240270671286,0.010427416910790556,0.015097279104364064,0.690681866494498,,,0.00880976700875971,0.004033252574247745,0.006065650511590021,0.012979830548736833,0.008800594170211609,0.003703343303073003,0.00028481125410658673,0.01702651051917473,0.0077013832189544605,0.012767507337530628,0.015498556616883945
2025-07-28,38.0260009765625,17.738100051879883,3309.10009765625,6389.77001953125,15.029999732971191,98.66000366210938,70.04000091552734,4.33,4.26,674.5090098951478,0.0033708240270671286,-0.01635496147554389,-0.008800594170211609,-0.003703343303073003,-0.00028481125410658673,-3.7592975363950245,23.275934122357285,1.0332665004077997,-0.0074965057238816635,0.00017684247126657597,0.007071925173251056,0.02310903579293866,0.010289959975385099,0.0066978851809362805,87.02203788654582,-5.3014727540139364e-05,0.010045522751328985,0.010533668337198088,0.014921128383713431,0.7059565514291599,,,0.007985137864981439,0.003974953467280285,0.0059329670873240125,0.013886480855149866,0.01635496147554389,0.008800594170211609,0.003703343303073003,0.00028481125410658673,0.01028628301060835,0.012640906774114809,0.015488043695459508
2025-07-29,38.08399963378906,17.88990020751953,3323.39990234375,6370.85986328125,15.979999542236328,98.91000366210938,72.51000213623047,4.33,4.26,681.3189529516967,0.010045522751328985,0.0033708240270671286,-0.01635496147554389,-0.008800594170211609,-0.003703343303073003,0.8845588278200012,35.15044393463177,1.0319508087086025,0.0043120472958143976,-0.002963830197466829,0.00852144791259354,0.03465799235554147,0.0025307498523383116,0.0632069079270261,87.26499144788217,3.674488642792222e-05,-0.014936474001321304,0.011259566467621563,0.014733400859195608,0.7642204658128263,,,0.007924527650078944,0.004011136738326134,0.006129197409551495,0.015605837120734848,0.0033708240270671286,0.01635496147554389,0.008800594170211609,0.003703343303073003,0.011597306248373712,0.012416175086210698,0.01552102928142934
2025-07-30,37.566001892089844,17.867700576782227,3295.800048828125,6362.89990234375,15.479999542236328,99.94000244140625,73.23999786376953,4.33,4.26,671.2180736746959,-0.014936474001321304,0.010045522751328985,0.0033708240270671286,-0.01635496147554389,-0.008800594170211609,-20.900935648671293,11.662052900479466,1.026903641510193,-0.008339380490785232,-0.0012502139385094711,-0.0012416735520604121,0.010017177794086625,0.010359647568367186,-0.03128911228554565,87.73358576447582,1.0354788195976602e-05,-0.0209992559670227,0.009659019198767962,0.014683855063795062,0.6577985928629546,,,0.007612980376910809,0.004015117780101016,0.00607207570561496,0.015468339026126657,0.010045522751328985,0.0033708240270671286,0.01635496147554389,0.008800594170211609,0.013616018314487562,0.013032432374802491,0.015382304188269484
2025-07-31,36.551998138427734,17.981779098510742,3293.199951171875,6339.39013671875,16.719999313354492,100.02999877929688,72.52999877929688,4.33,4.26,657.2699561343834,-0.0209992559670227,-0.014936474001321304,0.010045522751328985,0.0033708240270671286,-0.01635496147554389,-34.65195797474735,-28.111278545569803,1.0197273066499688,-0.0007892237945701002,-0.003701662046374567,0.0063643270597414274,-0.009741438093771038,0.0009000984489406349,0.0801033467562382,90.09630441269032,-5.022878351974298e-06,0.0190524508636913,0.011238979644867622,0.011318576345415759,0.992967604924945,,,0.007558490883106385,0.004070757435914715,0.005992463959067316,0.014612717853675749,0.014936474001321304,0.010045522751328985,0.0033708240270671286,0.01635496147554389,0.016859225580464918,0.013989405059238985,0.015588129944545458
2025-08-01,36.7869987487793,18.210580825805664,3347.699951171875,6238.009765625,20.3799991607666,98.69000244140625,69.66999816894531,4.33,4.23,669.9126140534572,0.0190524508636913,-0.0209992559670227,-0.014936474001321304,0.010045522751328985,0.0033708240270671286,-19.45161458565417,-19.630320116193616,1.0143827662124176,0.01641380667687466,-0.0161213871855698,0.012643816313815703,-0.04023046978479766,-0.01348647987167153,0.21889952139464608,91.0022579997223,0.00020753315663288495,-9.790123642877386e-06,0.015095461986889172,0.012580453657939653,1.1999139615575207,,,0.008365940382072626,0.005173985189158318,0.006457816862550333,0.01728074749762872,0.0209992559670227,0.014936474001321304,0.010045522751328985,0.0033708240270671286,0.016722722081924966,0.014460366400986231,0.015710762456387625
2025-08-04,37.19200134277344,18.012100219726562,3374.39990234375,6329.93994140625,17.520000457763672,98.77999877929688,68.76000213623047,4.33,4.23,669.90605555824,-9.790123642877386e-06,0.0190524508636913,-0.0209992559670227,-0.014936474001321304,0.010045522751328985,-13.41797591575596,-7.466271407989552,1.0106324947948393,0.007943973509988255,0.014629564491414495,-0.010959022734328434,-0.013147571177630796,0.0009114938326347447,-0.14033360258957683,90.72918317151573,-8.705818629686413e-05,0.00807842879655701,0.015003541999406,0.011738066847208285,1.2781953105825392,,,0.008533713810199175,0.006117344609472871,0.006957695176462973,0.017457465923182456,0.0190524508636913,0.0209992559670227,0.014936474001321304,0.010045522751328985,0.016407196752899717,0.014418593214388301,0.015709172526226188
2025-08-05,37.6870002746582,17.919700622558594,3381.89990234375,6299.18994140625,17.850000381469727,98.77999877929688,67.63999938964844,4.33,4.23,675.3397622841585,0.00807842879655701,-9.790123642877386e-06,0.0190524508636913,-0.0209992559670227,-0.014936474001321304,3.10057582911395,-2.0177530557411956,1.0093063238319506,0.0022201510582657955,-0.004869703780462017,-0.005143065400267443,-0.01642269657572258,0.0,0.0188356115915409,89.7365106720323,-1.141838209113396e-05,0.000524590172969084,0.014151406762372313,0.01197615680436128,1.1816317198868744,,,0.008539330125284052,0.005946010285984019,0.007046569199661819,0.017290058118464995,9.790123642877386e-06,0.0190524508636913,0.0209992559670227,0.014936474001321304,0.01466855435860959,0.014476841046386262,0.015560255864618306
2025-08-06,37.76599884033203,17.891599655151367,3380.0,6345.06005859375,16.770000457763672,98.18000030517578,66.88999938964844,4.33,4.23,675.6941318281315,0.000524590172969084,0.00807842879655701,-9.790123642877386e-06,0.0190524508636913,-0.0209992559670227,1.1851219329837477,-2.574175603411277,1.0077322181296817,-0.0005619433653809127,0.007255522219852605,-0.0015693913908184096,-0.01115004500123869,-0.006092611016446497,-0.06050419611347535,89.49849345412636,8.819090797563283e-07,0.0037778206545058127,0.014101249826487436,0.011969965262838689,1.1780526941264748,,,0.008333147292418871,0.006114804924626924,0.006271078898042297,0.01727270738188729,0.00807842879655701,9.790123642877386e-06,0.0190524508636913,0.0209992559670227,0.00783129683229173,0.014337324390705218,0.01527591050458557
2025-08-07,38.15800094604492,17.77482032775879,3400.300048828125,6340.0,16.56999969482422,98.4000015258789,66.43000030517578,4.33,4.23,678.2516108823984,0.0037778206545058127,0.000524590172969084,0.00807842879655701,-9.790123642877386e-06,0.0190524508636913,-3.06734206929832,-2.182783241478319,1.0055329649507319,0.005987967888747476,-0.0007977981718278668,-0.006548442190726587,-0.006900703734515914,0.0022382878268711326,-0.01192610360644697,89.11106359151569,-3.921186155938998e-05,0.0021570092979345625,0.013564429707896942,0.011984097908449842,1.1318690661174278,,,0.008402923676777696,0.006008700321632359,0.006361975343134202,0.017288301943933174,0.000524590172969084,0.00807842879655701,9.790123642877386e-06,0.0190524508636913,0.003249923923594843,0.01417289840027673,0.015270283123064278
2025-08-08,38.41699981689453,17.6931095123291,3439.10009765625,6389.4501953125,15.149999618530273,98.18000030517578,66.58999633789062,4.33,4.23,679.716184895442,0.0021570092979345625,0.0037778206545058127,0.000524590172969084,0.00807842879655701,-9.790123642877386e-06,8.498111220746068,-12.402824427925225,1.0055402987077653,0.01134616025997749,0.0077694548163894745,-0.004607596798445284,0.002405594856549754,-0.0022382878268711833,-0.08569704903117736,89.52026743493506,-5.2278531688519394e-05,-0.017647210493227084,0.012012583625117455,0.01095155128596745,1.0968842049353809,,,0.00868709796203738,0.00619636703308964,0.006424806136076011,0.016711393694605007,0.0037778206545058127,0.000524590172969084,0.00807842879655701,9.790123642877386e-06,0.009924102440469144,0.013546593377839656,0.01525804714814125
2025-08-11,37.6619987487793,17.732099533081055,3353.10009765625,6373.4501953125,16.25,98.5199966430664,66.62999725341797,4.33,4.23,667.8263104281286,-0.017647210493227084,0.0021570092979345625,0.0037778206545058127,0.000524590172969084,0.00807842879655701,10.556354293745244,-24.095603681002103,1.0062553237296268,-0.025324517441945554,-0.0025072683938851073,0.0022012593600200057,0.0006005242253979446,0.003457007440475086,0.07260728773380909,89.03138997010696,-5.574583105707254e-05,0.007400373486529569,0.010974316201737562,0.01178047193512953,0.9315684687480134,,,0.010194585660650592,0.00617228520752196,0.006358797455201697,0.015613666691768089,0.0021570092979345625,0.0037778206545058127,0.000524590172969084,0.00807842879655701,0.009779065311475633,0.011219485002438882,0.015393846536448517
2025-08-12,37.89899826049805,17.752099990844727,3348.89990234375,6445.759765625,14.729999542236328,98.0999984741211,66.12000274658203,4.33,4.23,672.7868066732117,0.007400373486529569,-0.017647210493227084,0.0021570092979345625,0.0037778206545058127,0.000524590172969084,2.874192619754467,-16.577421965899703,1.0051700429473578,-0.0012534156557426127,0.011281559075170764,0.001127288209964979,-0.007683570860866995,-0.004272188161714821,-0.09353848970853362,88.36381055048342,-1.4129606909041702e-06,0.0052088456825919735,0.008641296950139416,0.012065852484597094,0.7161779046420995,,,0.010194040199202082,0.006578998573068265,0.005791117286106989,0.015338087453789645,0.017647210493227084,0.0021570092979345625,0.0037778206545058127,0.000524590172969084,0.010149943268085097,0.011266978550008036,0.015289439781221973
2025-08-13,38.499000549316406,17.566699981689453,3358.699951171875,6466.580078125,14.489999771118164,97.83999633789062,65.62999725341797,4.33,4.23,676.3003922447388,0.0052088456825919735,0.007400373486529569,-0.017647210493227084,0.0021570092979345625,0.0037778206545058127,6.394336686498718,-7.023639229257242,1.0047604670486405,0.002922075262479989,0.0032248733840464015,-0.010498754898521949,-0.007438447856035271,-0.002653897067652444,-0.01629326399026665,87.24122453177587,-3.0678151975811594e-05,-0.01753102830550711,0.008802367042746622,0.012015952337978458,0.7325567541513333,,,0.010102438787108693,0.006476121722796225,0.00619101949634756,0.0153412498172232,0.007400373486529569,0.017647210493227084,0.0021570092979345625,0.0037778206545058127,0.012469775947077124,0.010671472545599603,0.01510734833753014
2025-08-14,37.981998443603516,17.496379852294922,3335.199951171875,6468.5400390625,14.829999923706055,98.25,66.83999633789062,4.33,4.23,664.5474723185616,-0.01753102830550711,0.0052088456825919735,0.007400373486529569,-0.017647210493227084,0.0021570092979345625,-10.792289965596865,-7.691714136482915,1.0015391619427985,-0.007021346864233285,0.00030304487855445177,-0.004011069421584283,0.018268782301862362,0.004181796800026985,0.023464469148273492,87.81001758304139,2.816310970546282e-05,0.0024671559653225692,0.010667585127391098,0.012137031653146441,0.8789286731921475,,,0.010115845782920352,0.006472896055072636,0.006226945194177857,0.01597493778200783,0.0052088456825919735,0.007400373486529569,0.017647210493227084,0.0021570092979345625,0.012509281221633287,0.011330718071656276,0.015308789458755136
2025-08-15,37.89400100708008,17.58032989501953,3336.0,6449.7998046875,15.09000015258789,97.8499984741211,65.8499984741211,4.33,4.23,666.1890387466701,0.0024671559653225692,-0.01753102830550711,0.0052088456825919735,0.007400373486529569,-0.017647210493227084,-9.505093081461382,-8.319971148477634,0.9984067380209516,0.0002398515522892742,-0.0029013399163647113,0.004786663493751519,-0.014922243920754084,-0.004079572501346859,0.017532045193487944,88.03504278623693,1.1480886692627023e-06,0.001250983014404615,0.010778048282606638,0.012115401651383558,0.8896154327145896,,,0.010084978571750178,0.0064796975310546035,0.006314764379812119,0.015820866491175107,0.01753102830550711,0.0052088456825919735,0.007400373486529569,0.017647210493227084,0.009957366710431388,0.011344530466258305,0.014999470548269724
2025-08-18,37.95100021362305,17.575899124145508,3331.699951171875,6449.14990234375,14.989999771118164,98.16999816894531,66.5999984741211,4.33,4.23,667.0229514150633,0.001250983014404615,0.0024671559653225692,-0.01753102830550711,0.0052088456825919735,0.007400373486529569,-11.228659467335092,-14.296001536633412,0.9948926480735791,-0.0012898149154139478,-0.00010076825773579619,-0.0002520617837064687,0.01132514961799989,0.00326497280452983,-0.006626930447881874,87.78951628199549,3.251130482304477e-07,-0.015584941673226478,0.010592063910982982,0.011726737640643973,0.9032404608654074,,,0.01004758364704771,0.0064797954265592315,0.006314088994912683,0.016106285699455658,0.0024671559653225692,0.01753102830550711,0.0052088456825919735,0.007400373486529569,0.010816536514562247,0.011317843333706902,0.014985846612481904
2025-08-19,37.26100158691406,17.624540328979492,3313.39990234375,6411.3701171875,15.569999694824219,98.2699966430664,65.79000091552734,4.33,4.23,656.7080251667358,-0.015584941673226478,0.001250983014404615,0.0024671559653225692,-0.01753102830550711,0.0052088456825919735,-23.008159728706232,-14.510048507960164,0.9897485105737416,-0.005507846531911064,-0.005875329112207127,0.002763672076219742,-0.012236689621437815,0.001018107161472012,0.038692457142231795,88.92406970368195,-1.5221881660346356e-05,0.016113942212200996,0.011414881533847695,0.011784965986933441,0.9685969010435773,,,0.00950955550884462,0.006657184169151342,0.006243215176076705,0.016261586413646677,0.001250983014404615,0.0024671559653225692,0.01753102830550711,0.0052088456825919735,0.013984330255897397,0.010959901129107486,0.014931183595032812
2025-08-20,37.70500183105469,17.69993019104004,3343.39990234375,6395.77978515625,15.6899995803833,98.22000122070312,66.83999633789062,4.33,4.23,667.3759002627048,0.016113942212200996,-0.015584941673226478,0.001250983014404615,0.0024671559653225692,-0.01753102830550711,-0.4504101654238184,10.105944128321426,0.9886165747449622,0.009013401028552843,-0.002434630632264957,0.004268427830018529,0.015833783924191918,-0.0005088851746730002,0.007707121895382807,88.6725829460125,3.847305179339259e-05,0.006732046715280333,0.0122431673910018,0.011237596041329838,1.089482781368333,,,0.009396917276331837,0.006694403258851449,0.00617491447678537,0.016656837223002784,0.015584941673226478,0.001250983014404615,0.0024671559653225692,0.01753102830550711,0.01152620172194862,0.011685853654866197,0.015032534344682746
2025-08-21,38.027000427246094,17.66860008239746,3336.89990234375,6370.169921875,16.600000381469727,98.62000274658203,67.66999816894531,4.33,4.23,671.8838628821686,0.006732046715280333,0.016113942212200996,-0.015584941673226478,0.001250983014404615,0.0024671559653225692,-0.9029437910430715,1.9712488287113956,0.9878240577343532,-0.0019460210593331287,-0.004012219728951123,-0.0017716380406546108,0.012341274247542463,0.004064235606779435,0.05799877791100583,87.75080508198283,3.4476449366295545e-06,0.027316501263476622,0.012177391446505847,0.010152774039149206,1.1994151942660887,,,0.008999530572194754,0.006559180381491482,0.006157414190091168,0.016918200629042285,0.016113942212200996,0.015584941673226478,0.001250983014404615,0.0024671559653225692,0.016115904093338487,0.011818419991272462,0.014973832780986322
2025-08-22,39.00299835205078,17.703519821166992,3374.39990234375,6466.91015625,14.220000267028809,97.72000122070312,67.7300033569336,4.33,4.23,690.4903544104745,0.027316501263476622,0.006732046715280333,0.016113942212200996,-0.015584941673226478,0.001250983014404615,14.189962165735778,20.584298852234497,0.9905757912141689,0.011175298783647576,0.015072285158779139,0.001974422240387442,0.0008863396047325279,-0.009167849764747094,-0.1433734975751969,86.51642296537246,2.2064758461408504e-05,-0.023991096078998332,0.01605954616420539,0.01246968050244452,1.2878875413894624,,,0.009251453421423394,0.007331038636124968,0.006138604609548507,0.016757779887158042,0.006732046715280333,0.016113942212200996,0.015584941673226478,0.001250983014404615,0.021489644778674676,0.013206953007710189,0.01524078193843779
2025-08-25,38.676998138427734,17.429529190063477,3373.800048828125,6439.31982421875,14.789999961853027,98.43000030517578,68.80000305175781,4.33,4.23,674.1218680377569,-0.023991096078998332,0.027316501263476622,0.006732046715280333,0.016113942212200996,-0.015584941673226478,9.574395719195309,-1.2178942464015563,0.9933563671129134,-0.00017778178523024962,-0.004275512539646319,-0.015597632066415708,0.015674526505964206,0.007239379860169711,0.040084365971908564,87.23014223474775,2.772974874131972e-06,0.0080065334034632,0.017550185771016323,0.014133733325709828,1.2417232847525028,,,0.008897623858786268,0.007371793689117136,0.006942708332762904,0.016980216536033578,0.027316501263476622,0.006732046715280333,0.016113942212200996,0.015584941673226478,0.01908678829868315,0.01378653450920118,0.015372497657410675
2025-08-26,38.582000732421875,17.612899780273438,3388.60009765625,6465.93994140625,14.619999885559082,98.2300033569336,67.22000122070312,4.33,4.23,679.5409122225828,0.0080065334034632,-0.023991096078998332,0.027316501263476622,0.006732046715280333,0.016113942212200996,13.351873475912726,3.8467803944513435,0.9960753839921986,0.004377165544111227,0.00412547371011636,0.010465727937953088,-0.02323294883946215,-0.002033936880557363,-0.011494258061691465,87.82852193584364,4.58102237240505e-05,0.0031968834064612216,0.017696745147890276,0.0143008110580499,1.2374644400276034,,,0.008735511496783683,0.00741667449107058,0.007163732423773498,0.01687184998589392,0.023991096078998332,0.027316501263476622,0.006732046715280333,0.016113942212200996,0.018378003960735027,0.013877778537373977,0.01539056859546644
2025-08-27,38.68899917602539,17.62042999267578,3404.60009765625,6481.39990234375,14.850000381469727,98.2300033569336,68.05000305175781,4.33,4.23,681.7168014678464,0.0031968834064612216,0.0080065334034632,-0.023991096078998332,0.027316501263476622,0.006732046715280333,14.693850052783091,3.465190585447999,0.9989697190237283,0.0047106015210283785,0.0023881304533030262,0.0004274482466189803,0.012271933486510865,0.0,0.015731908188168164,87.99917728980687,2.013538360684282e-06,0.016292246020181006,0.017682996651361957,0.014291112684745819,1.2373421889141354,,,0.008743198893380924,0.007381246454636001,0.006875205504910554,0.015051794800898044,0.0080065334034632,0.023991096078998332,0.027316501263476622,0.006732046715280333,0.019180316777068055,0.01371819332067063,0.015362703819783892
2025-08-28,39.189998626708984,17.68090057373047,3431.800048828125,6501.85986328125,14.430000305175781,97.80999755859375,68.62000274658203,4.33,4.23,692.9144692034752,0.016292246020181006,0.0031968834064612216,0.0080065334034632,-0.023991096078998332,0.027316501263476622,36.20644403673941,13.19828430803318,1.005902416831386,0.007957432015570034,0.003151747441466755,0.0034259694595666313,0.008341303512981927,-0.004284905519297913,-0.028282832693932725,87.56826152296075,2.726191906192068e-05,0.02544317203082014,0.01609893894688157,0.014913311262013089,1.0795013035024952,,,0.008580597857888244,0.00738204589865756,0.006932798616520546,0.014983487832586483,0.0031968834064612216,0.0080065334034632,0.023991096078998332,0.027316501263476622,0.018675487269290202,0.013707552110864376,0.015150782477672356
2025-08-29,40.20000076293945,17.68086051940918,3473.699951171875,6460.259765625,15.359999656677246,97.7699966430664,68.12000274658203,4.33,4.23,710.7706063696751,0.02544317203082014,0.016292246020181006,0.0031968834064612216,0.0080065334034632,-0.023991096078998332,43.39470610697026,42.94429594154644,1.0135597777653025,0.012135375150160638,-0.006418740402792551,-2.265403082311721e-06,-0.0073131813420259815,-0.00040904915912666473,0.06444901814505788,86.41044490661535,-2.7491516270182973e-08,0.017773691191106732,0.017259143208220605,0.01513073742564904,1.140667683451011,,,0.008835864128986947,0.007492092077044195,0.006754504672910856,0.014938997441265218,0.016292246020181006,0.0031968834064612216,0.0080065334034632,0.023991096078998332,0.008702998828740689,0.013639844244002736,0.013591851512922623
2025-09-02,41.07099914550781,17.616239547729492,3549.39990234375,6415.5400390625,17.170000076293945,98.4000015258789,69.13999938964844,4.33,4.23,723.5165594118589,0.017773691191106732,0.02544317203082014,0.016292246020181006,0.0031968834064612216,0.0080065334034632,51.63269652969029,50.72975273864722,1.02287730037365,0.02155825335719171,-0.006946350061030363,-0.0036615497451206068,0.014862529551468613,0.00642307238253446,0.11783857161935951,86.42107511845057,-7.893661708527077e-05,0.015942736986959728,0.017519974602307694,0.015534843420881114,1.1277857219183987,,,0.00929890050967227,0.006672590293309547,0.006029677855829862,0.012748489613284921,0.02544317203082014,0.016292246020181006,0.0031968834064612216,0.0080065334034632,0.007999418313574685,0.013570681209329916,0.01365073675923374
2025-09-03,41.54199981689453,17.696399688720703,3593.199951171875,6448.259765625,16.350000381469727,98.13999938964844,67.5999984741211,4.33,4.23,735.1438326285279,0.015942736986959728,0.017773691191106732,0.02544317203082014,0.016292246020181006,0.0031968834064612216,44.65347821805335,58.84344038378913,1.030099261810601,0.012264609179004047,0.005087112302941308,0.004540033280557982,-0.02252546518897004,-0.002645795122542308,-0.047757698962177964,86.49559402555705,5.568173384571528e-05,-0.01771620809134589,0.01618535067602547,0.015798357667760013,1.0244957745864431,,,0.00946504572437555,0.006014526353053631,0.005767115119802246,0.013367889828996391,0.017773691191106732,0.02544317203082014,0.016292246020181006,0.0031968834064612216,0.016808111817408964,0.01379922338168821,0.013753156669372928
2025-09-04,40.9109992980957,17.653799057006836,3565.800048828125,6502.080078125,15.300000190734863,98.3499984741211,66.98999786376953,4.33,4.23,722.2345608299293,-0.01771620809134589,0.015942736986959728,0.017773691191106732,0.02544317203082014,0.016292246020181006,48.11269279217231,57.68708851136762,1.038543128573025,-0.007654710471889562,0.008311847102873571,-0.0024102072320949,-0.009064637845365636,0.002137504877720227,-0.06422019365362708,87.15993522539313,1.8449438538940787e-05,0.009067198978066512,0.01409559041434162,0.015819600886539532,0.8910206088912884,,,0.009746407199976694,0.00607182096210445,0.00569559894737116,0.013030382104967759,0.015942736986959728,0.017773691191106732,0.02544317203082014,0.016292246020181006,0.016607559484014354,0.014583521446912467,0.01350490676399448
2025-09-05,41.07400131225586,17.743900299072266,3613.199951171875,6481.5,15.180000305175781,97.7699966430664,65.5,4.33,4.23,728.8129841686314,0.009067198978066512,-0.01771620809134589,0.015942736986959728,0.017773691191106732,0.02544317203082014,49.27207194604853,62.62394542196125,1.046556892716526,0.013205346467745164,-0.00317017266993674,0.005090807498534838,-0.022493179990173053,-0.005914782137712255,-0.007843129677328364,87.96805365280423,6.722587681874761e-05,0.00043020523115595225,0.014078180659364862,0.015806292394212176,0.8906693807916586,,,0.009988646837899264,0.006004366682293122,0.005829325191491737,0.013712910415909918,0.01771620809134589,0.015942736986959728,0.017773691191106732,0.02544317203082014,0.014459533146244903,0.01462434060862816,0.013532876287868395
2025-09-08,41.42599868774414,17.60070037841797,3638.10009765625,6495.14990234375,15.109999656677246,97.44999694824219,66.0199966430664,4.33,4.23,729.1265907797206,0.00043020523115595225,0.009067198978066512,-0.01771620809134589,0.015942736986959728,0.017773691191106732,47.40978931187419,62.10363936465728,1.0535600001244443,0.00686780141163577,0.0021037644508885675,-0.008103116258589178,0.007907532936617527,-0.0032783525451430197,-0.0046113733261696765,87.82166303530975,-5.565059327938752e-05,-0.021204817000429695,0.014337456065126285,0.01582843584709286,0.9058037195608044,,,0.010002861677095775,0.005993986951546534,0.005920542914707784,0.013774906609703604,0.009067198978066512,0.01771620809134589,0.015942736986959728,0.017773691191106732,0.016307448325231837,0.014640583216858214,0.013299146246533685
2025-09-09,40.87799835205078,17.46240997314453,3643.300048828125,6512.60986328125,15.039999961853027,97.79000091552734,66.38999938964844,4.33,4.23,713.8283661050373,-0.021204817000429695,0.00043020523115595225,0.009067198978066512,-0.01771620809134589,0.015942736986959728,20.91389690156211,57.120340938301524,1.0559056059735177,0.0014282835584511465,0.0026845470300734414,-0.007888126349950193,0.005588757959818188,0.0034829370489315808,-0.004632673488730754,89.1261851290071,-1.1266481172619114e-05,0.010298608936626473,0.01796765185377999,0.01648538042597029,1.0899142991856345,,,0.009832638836330572,0.005813248011548983,0.00607643422844128,0.013823535638233953,0.00043020523115595225,0.009067198978066512,0.01771620809134589,0.015942736986959728,0.014822412056152853,0.015599460415318433,0.01356565651161705
2025-09-10,41.132999420166016,17.53380012512207,3643.60009765625,6532.0400390625,15.350000381469727,97.77999877929688,67.48999786376953,4.33,4.23,721.2177903799529,0.010298608936626473,-0.021204817000429695,0.00043020523115595225,0.009067198978066512,-0.01771620809134589,10.447184010277851,53.84189011724811,1.0560340208259356,8.235294082891736e-05,0.0029790282293981275,0.0040798846963071905,0.01643297356512486,-0.00010228702004190965,0.02061173007998507,88.58094836307816,3.3599050298379155e-07,0.010247840750802015,0.015767202994958197,0.016281787086762357,0.9683951098818547,,,0.007489940908467554,0.005775189492496473,0.006133682191679282,0.014290003069537188,0.021204817000429695,0.00043020523115595225,0.009067198978066512,0.01771620809134589,0.013486079019708488,0.014989971743659455,0.013501515296911723
2025-09-11,41.696998596191406,17.47480010986328,3636.89990234375,6587.47021484375,14.710000038146973,97.54000091552734,66.37000274658203,4.33,4.23,728.6467156496947,0.010247840750802015,0.010298608936626473,-0.021204817000429695,0.00043020523115595225,0.009067198978066512,5.130156237835763,56.762852767526056,1.05416174783347,-0.001840587103648067,0.008450087623093565,-0.003370604406968266,-0.016734218562049485,-0.0024574849982395976,-0.04169383240506963,87.2221029039712,6.2038910029651316e-06,0.009049233900239779,0.014742377522054609,0.016328600768938557,0.9028561436873772,,,0.007511427625009983,0.005556225342511045,0.006151221290671048,0.014683722611089228,0.010298608936626473,0.021204817000429695,0.00043020523115595225,0.009067198978066512,0.013483650277485892,0.015038274217657997,0.013542147443061247
2025-09-12,42.387001037597656,17.346599578857422,3649.39990234375,6584.2900390625,14.760000228881836,97.55000305175781,66.98999786376953,4.33,4.23,735.2703343478206,0.009049233900239779,0.010247840750802015,0.010298608936626473,-0.021204817000429695,0.00043020523115595225,0.12650171929271892,44.77997993734607,1.0502208206203894,0.0034311001737597525,-0.00048287788142832935,-0.007363351926855236,0.009298134090662317,0.00010253868507699651,0.003399061224010902,86.09714801730604,-2.526439807568721e-05,0.003175247371746562,0.013777224308638088,0.01516476756982927,0.9085021742138839,,,0.007508838181386902,0.005542069849998391,0.0059370815093517755,0.014703749280098247,0.010247840750802015,0.010298608936626473,0.021204817000429695,0.00043020523115595225,0.013471633918493885,0.015079581514120314,0.013563147860050992
2025-09-15,42.516998291015625,17.348560333251953,3682.199951171875,6615.27978515625,15.6899995803833,97.30000305175781,67.44000244140625,4.33,4.23,737.6087100404548,0.003175247371746562,0.009049233900239779,0.010247840750802015,0.010298608936626473,-0.021204817000429695,15.374149210525502,63.48684200269781,1.0499704353702626,0.008947642619622902,0.004695577726559718,0.00011302754629663183,0.006695027263380272,-0.002566077796780523,0.0630080851680257,86.60536018954964,1.0113300904351437e-06,-0.00038928116732216264,0.01134101824229375,0.012792862362089482,0.886511393720756,,,0.007141520696048774,0.005602598394814805,0.005886617033372471,0.01423254911782393,0.009049233900239779,0.010247840750802015,0.010298608936626473,0.021204817000429695,0.004834452071126527,0.014257175400195181,0.013497079929970224
2025-09-16,42.47100067138672,17.3605899810791,3688.89990234375,6606.759765625,16.360000610351562,96.62999725341797,68.47000122070312,4.33,4.23,737.3216287420801,-0.00038928116732216264,0.003175247371746562,0.009049233900239779,0.010247840750802015,0.010298608936626473,8.508644573448692,57.78071651949722,1.0483253935897812,0.0018178977764950366,-0.0012887604333313247,0.0006931687004652225,0.015157361066503231,-0.006909796968858478,0.04270242497685861,86.85691045723374,1.260109839311682e-06,-0.01911979497318979,0.011058820810320408,0.012909467348509951,0.8566442372695454,,,0.00710028034700447,0.005556331724104886,0.005772815052986999,0.014123907474568688,0.003175247371746562,0.009049233900239779,0.010247840750802015,0.010298608936626473,0.01184220212332899,0.014295791418167997,0.01342759035454798
2025-09-17,41.72200012207031,17.337570190429688,3681.800048828125,6600.35009765625,15.720000267028809,96.87000274658203,67.94999694824219,4.33,4.23,723.35810560151,-0.01911979497318979,-0.00038928116732216264,0.003175247371746562,0.009049233900239779,0.010247840750802015,-5.76848517821054,41.64130413366365,1.0447356695603758,-0.0019265078645296421,-0.0009706390782443865,-0.0013268596324954476,-0.0076236152759259716,0.0024806782040533468,-0.03911982392701152,88.24601021178053,2.5562055171293904e-06,0.001825745538129246,0.013597792897236664,0.014534969498921314,0.9355226303189559,,,0.007128834305407871,0.0055693102785091255,0.005774350107364972,0.014094091680804258,0.00038928116732216264,0.003175247371746562,0.009049233900239779,0.010247840750802015,0.010666096629797178,0.015212587165699697,0.013680210416114336
2025-09-18,41.707000732421875,17.375499725341797,3643.699951171875,6631.9599609375,15.699999809265137,97.3499984741211,67.44000244140625,4.33,4.23,724.6799797710264,0.001825745538129246,-0.01911979497318979,-0.00038928116732216264,0.003175247371746562,0.009049233900239779,10.851613665989134,31.765510567551246,1.0445128362860026,-0.01040214079746196,0.004777687836708263,0.0021853181005816245,-0.007533745790577349,0.004942814352483446,-0.0012722937292578562,87.36422871902565,-2.2731986569492194e-05,0.017655618965609233,0.010324586182551882,0.014120166549603269,0.7311943627776805,,,0.007548866400717641,0.005383934095013034,0.005758611701499078,0.01391015401810616,0.01911979497318979,0.00038928116732216264,0.003175247371746562,0.009049233900239779,0.0131231963246766,0.014560255255582842,0.013293838648137166
2025-09-19,42.5359992980957,17.340330123901367,3671.5,6664.35986328125,15.449999809265137,97.63999938964844,66.68000030517578,4.33,4.23,737.5882699790163,0.017655618965609233,0.001825745538129246,-0.01911979497318979,-0.00038928116732216264,0.003175247371746562,16.3704795990634,26.817663609341253,1.0449020832411522,0.007600662414640123,0.004873523937481177,-0.0020261427495661733,-0.011333287435445072,0.002974523129664807,-0.01592356707243181,86.31512273333072,-1.540002704332321e-05,0.0280357784222205,0.011588756093811225,0.013306530896239305,0.8709073900761348,,,0.0075130771639727294,0.005345423678652005,0.005651105637581614,0.01374140973386603,0.001825745538129246,0.01911979497318979,0.00038928116732216264,0.003175247371746562,0.01809617941860282,0.014624479834824507,0.013417004787376969
2025-09-22,43.79899978637695,17.319110870361328,3740.699951171875,6693.75,16.100000381469727,97.33000183105469,66.56999969482422,4.33,4.23,758.5597333111946,0.0280357784222205,0.017655618965609233,0.001825745538129246,-0.01911979497318979,-0.00038928116732216264,29.913017661499907,35.04317389933567,1.0470737010255393,0.018672448725779663,0.004400350714762291,-0.0012244430713496258,-0.0016510414309863035,-0.0031799540224671263,0.04207123496628107,85.40605880080773,-2.2863350467412057e-05,0.009613306567197956,0.014874537433116888,0.014438496249090967,1.0301999028502276,,,0.007967852289155778,0.005188489772769791,0.005648521361646813,0.013443267705677543,0.017655618965609233,0.001825745538129246,0.01911979497318979,0.00038928116732216264,0.01781908633413277,0.015481638360863012,0.013318202236134558
2025-09-23,44.19200134277344,17.330900192260742,3780.60009765625,6656.919921875,16.639999389648438,97.26000213623047,67.62999725341797,4.33,4.23,765.8871645678591,0.009613306567197956,0.0280357784222205,0.017655618965609233,0.001825745538129246,-0.01911979497318979,30.616830220038537,30.743331939331256,1.0484201419423547,0.010610006389506373,-0.005517351828739721,0.0006804801495174983,0.01579760994663083,-0.0007194583114909327,0.0335403102723042,85.54942032002988,7.219898734312909e-06,-0.015384517677168657,0.01489691654348214,0.014110178193592442,1.0557567976176916,,,0.00794843692159341,0.00457519613440901,0.005622005214290694,0.013921016726828038,0.0280357784222205,0.017655618965609233,0.001825745538129246,0.01911979497318979,0.016443947079743674,0.014713085694777209,0.013341876539158543
2025-09-24,43.777000427246094,17.228099822998047,3732.10009765625,6637.97021484375,16.18000030517578,97.87000274658203,69.30999755859375,4.33,4.23,754.1945333120239,-0.015384517677168657,0.009613306567197956,0.0280357784222205,0.017655618965609233,0.001825745538129246,16.585823271569097,31.9599724820946,1.047749573571931,-0.01291164894810577,-0.0028506771652953692,-0.005949285131326814,0.024537529730489064,0.006252268561541021,-0.02764417676354103,85.2525312660173,7.681508110787716e-05,0.026538158115011777,0.016956987585790215,0.013859312541913325,1.2235085639716186,,,0.00883277424357654,0.004497045961311764,0.00468700791830795,0.014542696397030885,0.009613306567197956,0.0280357784222205,0.017655618965609233,0.001825745538129246,0.01766179724972626,0.013968063653620019,0.0134774616583362
2025-09-25,44.696998596191406,17.327280044555664,3736.89990234375,6604.72021484375,16.739999771118164,98.55000305175781,69.41999816894531,4.33,4.23,774.4774118273199,0.026538158115011777,-0.015384517677168657,0.009613306567197956,0.0280357784222205,0.017655618965609233,37.15578308523982,45.66442765868851,1.0503869904010286,0.001285260502940439,-0.005021648742526333,0.005740379314950456,0.0015858233517196865,0.006923969064020212,0.03461059674784095,83.60516409847189,7.377882805402115e-06,0.03897958640209936,0.018950349853008343,0.015163805742920066,1.2497093522749856,,,0.008865991421088633,0.004664494339005777,0.004221888506768442,0.013501400986976048,0.015384517677168657,0.009613306567197956,0.0280357784222205,0.017655618965609233,0.02119928688216041,0.01471030027188138,0.013768532853346846
2025-09-26,46.22100067138672,17.422000885009766,3775.300048828125,6643.7001953125,15.289999961853027,98.1500015258789,70.12999725341797,4.33,4.23,805.2623146029364,0.03897958640209936,0.026538158115011777,-0.015384517677168657,0.009613306567197956,0.0280357784222205,81.90420900142635,76.13572382321581,1.059831961639496,0.010223498096000606,0.005884489130413512,0.0054516854748637225,0.010175639327497816,-0.00406712829645509,-0.08661886673181729,81.67932312130228,5.573529607226343e-05,0.0037290065102245262,0.018303905849896933,0.017688845526817668,1.034771083400937,,,0.008948825517791411,0.004777136744627211,0.004430835997886509,0.013425572724545464,0.026538158115011777,0.015384517677168657,0.009613306567197956,0.0280357784222205,0.020981287469571782,0.016325476503778486,0.014391934982188943
2025-09-29,46.61199951171875,17.34040069580078,3820.89990234375,6661.2099609375,16.1200008392334,97.91000366210938,67.97000122070312,4.33,4.23,808.2707487656735,0.0037290065102245262,0.03897958640209936,0.026538158115011777,-0.015384517677168657,0.009613306567197956,83.59076899464708,94.44238266063621,1.0694204605873252,0.012006108728818521,0.002632077259912619,-0.004694746932026298,-0.03128417406667901,-0.002448209500075601,0.05428390316881204,81.97245220907409,-5.6365642120194906e-05,-0.012947043049836725,0.01808278961608189,0.015771724576345306,1.1465321708193381,,,0.009060417931516133,0.004767736577363823,0.004421822711755743,0.015087899981882438,0.03897958640209936,0.026538158115011777,0.015384517677168657,0.009613306567197956,0.024016068736370987,0.01623369539287519,0.014391347765031292
2025-09-30,46.25299835205078,17.250200271606445,3840.800048828125,6688.4599609375,16.280000686645508,97.7699966430664,67.0199966430664,4.33,4.23,797.8734847351589,-0.012947043049836725,0.0037290065102245262,0.03897958640209936,0.026538158115011777,-0.015384517677168657,60.28521475614252,76.65569435520592,1.07485596545449,0.005194719543134664,0.004082503613507919,-0.005215325904901418,-0.014075417097358111,-0.001430979586219124,0.00992554833016479,83.03894202910264,-2.7092155402007876e-05,0.023474358314874665,0.020970430383722864,0.016800429600155823,1.2482079853201113,,,0.008916952932734755,0.004475633256646244,0.004512766891983098,0.01531212294285254,0.0037290065102245262,0.03897958640209936,0.026538158115011777,0.015384517677168657,0.020515107684550667,0.016253874455507994,0.014543947928298514
2025-10-01,47.290000915527344,17.27267074584961,3867.5,6711.2001953125,16.290000915527344,97.70999908447266,65.3499984741211,4.09,4.12,816.8246153848304,0.023474358314874665,-0.012947043049836725,0.0037290065102245262,0.03897958640209936,0.026538158115011777,58.26488207363582,88.17789973513572,1.0783917103743406,0.006927612517481628,0.0033941541712235066,0.0013017733898803016,-0.025233615499730706,-0.0006138485961637263,0.0006142646474234237,81.782616306318,9.01818163065927e-06,-0.03149118347952619,0.020424706725552307,0.017347095961783337,1.1774136011323812,,,0.008072367508828303,0.0040287457082102025,0.004505952324251565,0.015758074065600626,0.012947043049836725,0.0037290065102245262,0.03897958640209936,0.026538158115011777,0.02805847953010697,0.0165145402549905,0.014751271920938173
2025-10-02,46.0,17.206579208374023,3839.699951171875,6715.35009765625,16.6299991607666,97.8499984741211,64.11000061035156,4.09,4.12,791.5026435852051,-0.03149118347952619,0.023474358314874665,-0.012947043049836725,0.0037290065102245262,0.03897958640209936,25.615479017345933,56.23230923738447,1.0773009201389592,-0.0072140776340165556,0.0006181636213842448,-0.003833703952986145,-0.019157049201351903,0.0014317796616148805,0.020871591536571144,83.4717380689538,2.7656637942678203e-05,0.03782477536873701,0.025916604369406147,0.02031669816437518,1.2756307230497848,,,0.008203782473146863,0.003983366139699711,0.004365267632506406,0.01556193935581792,0.023474358314874665,0.012947043049836725,0.0037290065102245262,0.03897958640209936,0.02770467591976692,0.018211207970634045,0.015381125973179291
2025-10-03,47.59700012207031,17.270299911499023,3880.800048828125,6715.7900390625,16.649999618530273,97.72000122070312,64.52999877929688,4.09,4.12,822.0144669958099,0.03782477536873701,-0.03149118347952619,0.023474358314874665,-0.012947043049836725,0.0037290065102245262,67.81993368378608,84.40575695535517,1.083102221356209,0.010647104699776156,6.55106568658717e-05,0.0036964352520497115,0.0065298455113709025,-0.0013294193666388184,0.001202673407877164,81.53455131363692,3.935633314451674e-05,0.009406005070417054,0.026831103756617403,0.02207692273589151,1.2153461819656954,,,0.007966194109638322,0.003720873523144808,0.004491740944672212,0.015606242765157603,0.03149118347952619,0.023474358314874665,0.012947043049836725,0.0037290065102245262,0.027800910445914807,0.018989718018650233,0.01597967158229127
2025-10-06,48.082000732421875,17.257659912109375,3948.5,6740.27978515625,16.3700008392334,98.11000061035156,65.47000122070312,4.09,4.12,829.7828165339306,0.009406005070417054,0.03782477536873701,-0.03149118347952619,0.023474358314874665,-0.012947043049836725,55.305404706610716,92.46118779185053,1.0869549591243313,0.017294429424654912,0.003639959282762629,-0.0007321602561443161,0.014461828067311586,0.00398304551500883,-0.016816743886603813,82.1201268635544,-1.2662293877425138e-05,-0.025146999702357006,0.026087053697040983,0.021954385151199934,1.1882388651460447,,,0.008246690081594408,0.003584090232183536,0.00426813783175833,0.015233092133685556,0.03782477536873701,0.03149118347952619,0.023474358314874665,0.012947043049836725,0.030227150231757847,0.018992453153219777,0.01596876492497381
2025-10-07,47.17900085449219,17.151199340820312,3976.60009765625,6714.58984375,17.239999771118164,98.58000183105469,65.44999694824219,4.09,4.12,809.1764483561274,-0.025146999702357006,0.009406005070417054,0.03782477536873701,-0.03149118347952619,0.023474358314874665,3.9141337531909812,85.81834275461733,1.081175403070813,0.007091447444070091,-0.003818687706853079,-0.006187994214833436,-0.0003055953696363721,0.004779115455139772,0.05314593080531016,84.28750133816398,-4.3881835758701085e-05,0.03420797688308106,0.02540495636103538,0.022586359759363045,1.1247919820503127,,,0.008250416124363667,0.0037913212394027,0.004134392617005863,0.0151243772378241,0.009406005070417054,0.03782477536873701,0.03149118347952619,0.023474358314874665,0.03236674520610175,0.02016352332670313,0.016318459618149858
2025-10-08,48.65599822998047,17.209299087524414,4043.300048828125,6753.72021484375,16.299999237060547,98.8499984741211,66.25,4.09,4.12,837.3356259417924,0.03420797688308106,-0.025146999702357006,0.009406005070417054,0.03782477536873701,-0.03149118347952619,29.064877176118898,112.65564617076598,1.0791431731044678,0.016633994907520277,0.005810748494187323,0.0033817787711306066,0.012149019137739343,0.0027351143287856552,-0.0545243936506532,83.09972451324113,5.625249085734669e-05,-0.04115629972543816,0.028442385172134384,0.023542404526215872,1.2081342473094492,,,0.0086492492013722,0.0038966790812520686,0.003954727171078353,0.015321012490461007,0.025146999702357006,0.009406005070417054,0.03782477536873701,0.03149118347952619,0.03524829226182137,0.020193973280182013,0.016636022434890783
2025-10-09,46.849998474121094,17.152050018310547,3946.300048828125,6735.10986328125,16.43000030517578,99.54000091552734,65.22000122070312,4.09,4.12,803.5735171858978,-0.04115629972543816,0.03420797688308106,-0.025146999702357006,0.009406005070417054,0.03782477536873701,5.700032450738945,65.98524720688147,1.0744422383925063,-0.024282758867578195,-0.0027593739802789824,-0.0033321812836446165,-0.015669275788459478,0.006956048447671245,0.007975526024544655,84.2326612029235,8.09145546137994e-05,0.004181502040290097,0.033043117553379214,0.027109812460924854,1.218861901055436,,,0.010722160598845072,0.004004504927195245,0.0038362246885868955,0.0151898387968586,0.03420797688308106,0.025146999702357006,0.009406005070417054,0.03782477536873701,0.0297230900472329,0.022803138753648203,0.016981927618200676
2025-10-10,46.9379997253418,17.19162940979004,3975.89990234375,6552.509765625,21.65999984741211,98.9800033569336,62.72999954223633,4.09,4.12,806.9406965149028,0.004181502040290097,-0.04115629972543816,0.03420797688308106,-0.025146999702357006,0.009406005070417054,-9.883918869927584,48.380963203708234,1.0672395963634793,0.007472669571045818,-0.027485975439899807,0.0023049020757789553,-0.03892639426658475,-0.005641739188979238,0.3183201123002275,84.70535441665112,1.722377160591374e-05,0.07849057514273643,0.03163223919828588,0.02636586765242191,1.199742015521352,,,0.010669655582691553,0.007239058841641866,0.0038642499425186124,0.016961855880543417,0.04115629972543816,0.03420797688308106,0.025146999702357006,0.009406005070417054,0.04786191598535193,0.022773720992148652,0.016977290888206653
2025-10-13,50.130001068115234,17.41132926940918,4108.60009765625,6654.72021484375,19.030000686645508,99.2699966430664,63.31999969482422,4.09,4.12,872.8299548727882,0.07849057514273643,0.004181502040290097,-0.04115629972543816,0.03420797688308106,-0.025146999702357006,81.32731128758314,106.94279030492908,1.0748564153400795,0.03283124863445809,0.015478263036934031,0.01269849863990579,0.009361435381944337,0.0029255333464246066,-0.12142193810222157,81.95890704397951,0.0004169075661310749,-0.0015759149348567318,0.040470614685626134,0.03300138585906525,1.226330762546117,,,0.01235364977124806,0.008010556945126993,0.004570178640069127,0.016964097578649102,0.004181502040290097,0.04115629972543816,0.03420797688308106,0.025146999702357006,0.04456788396717383,0.027881111586855672,0.019296487403923
2025-10-14,50.31399917602539,17.32033920288086,4138.7001953125,6644.31005859375,20.809999465942383,99.05000305175781,62.38999938964844,4.09,4.12,871.4555323822278,-0.0015759149348567318,0.07849057514273643,0.004181502040290097,-0.04115629972543816,0.03420797688308106,49.441065386417904,117.26099907020398,1.0771355232593534,0.007299414410765657,-0.00156555149694257,-0.005239614374851107,-0.014796233853379696,-0.0022185728306005847,0.09353645376092956,82.25742861013897,-3.824611667464306e-05,0.01872539780245448,0.0393240236043099,0.03240670801259107,1.2134532020046966,,,0.012336834162914884,0.007963230348425438,0.0047207299683814374,0.017018229953910335,0.07849057514273643,0.004181502040290097,0.04115629972543816,0.03420797688308106,0.043407654364116206,0.02794285016433557,0.019302735254578866
2025-10-15,51.073001861572266,17.385459899902344,4176.89990234375,6671.06005859375,20.639999389648438,98.79000091552734,61.90999984741211,4.09,4.12,887.9276258320024,0.01872539780245448,-0.0015759149348567318,0.07849057514273643,0.004181502040290097,-0.04115629972543816,58.14480929807178,113.4502140046825,1.0807590866100563,0.009187545165353398,0.004017918503427979,0.003752731539368348,-0.007723281273384103,-0.002628409631043551,-0.008169153323245748,81.78293325434005,3.447839051139288e-05,0.035145590985946995,0.03952323017097728,0.03217241058714641,1.2284820891465211,,,0.012329721905590159,0.007997466803147116,0.004792373996384524,0.016473872411671624,0.0015759149348567318,0.07849057514273643,0.004181502040290097,0.04115629972543816,0.03210671880719956,0.02796925641895549,0.01938819535173734
2025-10-16,53.02299880981445,17.34510040283203,4280.2001953125,6629.06982421875,25.309999465942383,98.38999938964844,61.060001373291016,4.09,4.12,919.689238015475,0.035145590985946995,0.01872539780245448,-0.0015759149348567318,0.07849057514273643,0.004181502040290097,110.51278965934762,114.4269234125386,1.09180850635545,0.02443046188439831,-0.006314280275141975,-0.0023241499639460052,-0.013824705268891145,-0.004057227649507828,0.22625970030968534,80.72346512623581,-5.678005710780858e-05,-0.06198240760236432,0.03716933901841076,0.03191992371611184,1.164455759637334,,,0.012823080950802446,0.008129227705019308,0.004811791204793126,0.01658231229220923,0.01872539780245448,0.0015759149348567318,0.07849057514273643,0.004181502040290097,0.051585241662840974,0.027761868222327853,0.019773520559433842
2025-10-17,49.86399841308594,17.335460662841797,4189.89990234375,6664.009765625,20.780000686645508,98.43000030517578,61.290000915527344,4.09,4.12,864.415382982057,-0.06198240760236432,0.035145590985946995,0.01872539780245448,-0.0015759149348567318,0.07849057514273643,27.079757040264667,56.144634216383565,1.090457713237404,-0.02132293911227755,0.0052568739445263,-0.000555916048776609,0.0037597026376934807,0.0004064720672707441,-0.1789805956097521,84.02655293772398,1.1853764059601551e-05,0.026594088901644025,0.046828642227430335,0.03722304989543916,1.2580549514070882,,,0.013758716232636114,0.00814335988412725,0.0047872521251620505,0.01668196708493829,0.035145590985946995,0.01872539780245448,0.0015759149348567318,0.07849057514273643,0.03898792550017317,0.03202991005163571,0.021421303738181772
2025-10-20,51.11899948120117,17.3656005859375,4336.39990234375,6735.1298828125,18.229999542236328,98.58999633789062,61.0099983215332,4.09,4.12,887.7121273432858,0.026594088901644025,-0.06198240760236432,0.035145590985946995,0.01872539780245448,-0.0015759149348567318,84.13861015738803,89.83864260812697,1.0983277674825007,0.03436764429162454,0.010615724136144117,0.0017371186695855348,-0.004578954782848648,0.0016241607005587312,-0.12271419923715232,84.82951439490606,5.9700676528655716e-05,-0.08302379370572179,0.04262059938512744,0.037273225646486226,1.143464206434876,,,0.01503200327752952,0.00839947006210699,0.004782365730528538,0.016609668900359986,0.06198240760236432,0.035145590985946995,0.01872539780245448,0.0015759149348567318,0.05521493570362151,0.03221794677065288,0.021610963438026067
2025-10-21,47.45000076293945,17.217859268188477,4087.699951171875,6735.35009765625,17.8700008392334,98.93000030517578,61.31999969482422,4.09,4.12,816.9874354117273,-0.08302379370572179,0.026594088901644025,-0.06198240760236432,0.035145590985946995,0.01872539780245448,10.046738896824536,0.16282002689695219,1.0953945835656373,-0.059062035540049886,3.269591641698797e-05,-0.008544096926704154,0.0050682913744178135,0.0034427329777827467,-0.01974759802757342,86.14752129497434,0.0005046317563426317,0.010052849350702974,0.05652322481727746,0.044041836164871825,1.2833984624455985,,,0.02074050934602706,0.008352081981233226,0.005135107809293104,0.01672618174369739,0.026594088901644025,0.06198240760236432,0.035145590985946995,0.01872539780245448,0.054097686475983474,0.03757596004030949,0.024217731153816823
2025-10-22,47.46099853515625,17.38779067993164,4044.39990234375,6699.39990234375,18.600000381469727,98.9000015258789,62.59000015258789,4.09,4.12,825.2419079898391,0.010052849350702974,-0.08302379370572179,0.026594088901644025,-0.06198240760236432,0.035145590985946995,-47.58804688294913,33.739264404634014,1.0821777691878753,-0.01064926865576389,-0.005351834774743029,0.009821100188912456,0.020499474347666368,-0.00030327836272713623,0.04085056004214738,85.21522991868581,-0.00010458753440690223,0.02289329578720816,0.045975325807624104,0.04314625086340559,1.065569426951485,,,0.020931193711133292,0.008346398818098144,0.005587948072113468,0.01703188176163961,0.08302379370572179,0.026594088901644025,0.06198240760236432,0.035145590985946995,0.05149342481769841,0.037579638225329066,0.024189844920583275
2025-10-23,48.481998443603516,17.415790557861328,4125.5,6738.43994140625,17.299999237060547,98.94000244140625,65.98999786376953,4.09,4.12,844.3523307203577,0.02289329578720816,0.010052849350702974,-0.08302379370572179,0.026594088901644025,-0.06198240760236432,-27.103201661870116,22.337863724547788,1.0721906177244171,0.019854040473195667,0.0058104798620133855,0.0016090231507643494,0.05289765964879074,0.0004043764180174248,-0.06989253321222011,85.09343947112599,3.19456107575842e-05,-0.007567990513642997,0.04745247535454423,0.042396745492732334,1.1192480649883503,,,0.020890385830045415,0.008396617035141487,0.005415804541239372,0.02020971463084174,0.010052849350702974,0.08302379370572179,0.026594088901644025,0.06198240760236432,0.04497163935350831,0.03754339221618091,0.024188858770143894
2025-10-24,48.37699890136719,17.32200050354004,4118.39990234375,6791.68994140625,16.3700008392334,98.94999694824219,65.94000244140625,4.09,4.12,837.9863993292383,-0.007567990513642997,0.02289329578720816,0.010052849350702974,-0.08302379370572179,0.026594088901644025,-49.94122650276404,8.203582795307739,1.058834460655605,-0.0017225098547725875,0.007871361975244856,-0.005399899035416975,-0.0007579083550496586,0.00010101073197491472,-0.05375713519309755,85.13136399263823,9.301379303282728e-06,-0.0453368436461045,0.046333827219840834,0.04240875190392237,1.0925534268212085,,,0.02092576891588643,0.0084274651502673,0.0054240769123332635,0.020193430512776278,0.02289329578720816,0.010052849350702974,0.08302379370572179,0.026594088901644025,0.04332937403141872,0.037319244682627484,0.024229889756493636
2025-10-27,46.5620002746582,17.199499130249023,4001.89990234375,6875.16015625,15.789999961853027,98.77999877929688,65.62000274658203,4.09,4.12,800.8430832266386,-0.0453368436461045,-0.007567990513642997,0.02289329578720816,0.010052849350702974,-0.08302379370572179,-118.84615478883643,-8.333365129488811,1.035151800503774,-0.028695490766858036,0.012215141327379352,-0.007097135917203312,-0.0048647052794245395,-0.0017194984524789793,-0.03543071763260408,85.94776596231887,0.00020365579818324418,0.012683258576344832,0.043674306216832104,0.043679642757800494,0.9998778254438119,,,0.022096208923834938,0.008707142995226735,0.005482689830728224,0.019988964226317112,0.007567990513642997,0.02289329578720816,0.010052849350702974,0.08302379370572179,0.026870733683486546,0.0378714190670262,0.02497960851910523
2025-10-28,47.125,17.21092987060547,3966.199951171875,6890.89013671875,16.420000076293945,98.69000244140625,64.4000015258789,4.09,4.12,811.0650701522827,0.012683258576344832,-0.0453368436461045,-0.007567990513642997,0.02289329578720816,0.010052849350702974,-53.35031282977434,-26.27055578950967,1.022656624956636,-0.008960778782097539,0.0022853305022299255,0.0006643765340221845,-0.018766912584742758,-0.0009114938326348074,0.03989867738840602,84.16339418932361,-5.953331149389494e-06,0.008831903204140007,0.0406594886688586,0.04272325896178834,0.951694455360356,,,0.02213194406438565,0.008705477817949366,0.00540736182985717,0.019282700184540365,0.0453368436461045,0.007567990513642997,0.02289329578720816,0.010052849350702974,0.026745264737376585,0.03796888337748114,0.02490975531835867
2025-10-29,47.72100067138672,17.14674949645996,3983.699951171875,6890.58984375,16.920000076293945,99.22000122070312,64.91999816894531,4.09,4.12,818.2600442326657,0.008831903204140007,0.012683258576344832,-0.0453368436461045,-0.007567990513642997,0.02289329578720816,-69.45208311062015,14.686527046767878,1.0065480446691972,0.004402578266743398,-4.3579204733175357e-05,-0.0037360176810175305,0.008042057637524991,0.005355970253849773,0.03045066977325206,83.47896932430594,-1.6448110246616848e-05,0.015636461657818724,0.03856067183299816,0.04128876770122221,0.9339264400438065,,,0.022126502602445735,0.00869353857835605,0.005350238784750216,0.019226753512763584,0.012683258576344832,0.0453368436461045,0.007567990513642997,0.02289329578720816,0.025231119862667753,0.03789020551497476,0.024728991451060934
2025-10-30,48.428001403808594,17.162700653076172,4001.300048828125,6822.33984375,16.90999984741211,99.52999877929688,65.0,4.09,4.12,831.1552913203195,0.015636461657818724,0.008831903204140007,0.012683258576344832,-0.0453368436461045,-0.007567990513642997,14.167855908592173,24.21459480541671,1.004660410745029,0.004408297096619672,-0.009954191424534511,0.0009298404781174955,0.0012315554540326826,0.00311947481739951,-0.0005910300730935791,82.6236873882936,4.099013080004803e-06,-0.0024287497973356975,0.02301812690683215,0.041463527719959925,0.5551415466212627,,,0.022103785059109985,0.009023532645554007,0.0053453317671319075,0.018445907997685643,0.008831903204140007,0.012683258576344832,0.0453368436461045,0.007567990513642997,0.025110572678722163,0.03769795419165402,0.0246980159416752
2025-10-31,47.99399948120117,17.275890350341797,3982.199951171875,6840.2001953125,17.440000534057617,99.80000305175781,65.06999969482422,4.09,4.12,829.1390725115925,-0.0024287497973356975,0.015636461657818724,0.008831903204140007,0.012683258576344832,-0.0453368436461045,3.8971645217534387,-43.69088236119569,1.0016129173009538,-0.0047849023856938715,0.0026145009178832708,0.006573445750618372,0.0010763389212942712,0.0027091199028566174,0.03134244183488977,82.97287148847988,-3.145329625436309e-05,-0.0014362864618736042,0.02281410832137053,0.03515801462334392,0.6489020658812348,,,0.02206156069846562,0.00903223049259142,0.005482414436602891,0.017930490599259465,0.015636461657818724,0.008831903204140007,0.012683258576344832,0.0453368436461045,0.008211712103308394,0.03697875052397733,0.024705318443854495
2025-11-03,47.88800048828125,17.28927993774414,4000.300048828125,6851.97021484375,17.170000076293945,99.87000274658203,64.88999938964844,4.09,4.12,827.9490461007226,-0.0014362864618736042,-0.0024287497973356975,0.015636461657818724,0.008831903204140007,0.012683258576344832,-16.403284619635087,-43.506486281505204,0.9959689806061554,0.0045349523774452045,0.0017192339969181521,0.000774744516545459,-0.002770089589796132,0.0007011538604617659,-0.01548167714997506,83.53449732792758,3.513429487220465e-06,-0.015675245432479938,0.020611687143569857,0.03515867356512684,0.586247575733749,,,0.02197827038571784,0.009032009002927673,0.005425799854092325,0.01789431523678763,0.0024287497973356975,0.015636461657818724,0.008831903204140007,0.012683258576344832,0.011951143359363307,0.03606952216281714,0.02470524602981183
2025-11-04,47.130001068115234,17.29412078857422,3947.699951171875,6771.5498046875,19.0,100.22000122070312,64.44000244140625,4.09,4.12,815.0719312376168,-0.015675245432479938,-0.0014362864618736042,-0.0024287497973356975,0.015636461657818724,0.008831903204140007,-22.91446809162153,-72.85569459438557,0.9900384627778102,-0.013236252040332198,-0.011806250392326717,0.00027995227537063496,-0.0069589230318593525,0.003498413955198091,0.10658124144289749,83.76193213886016,-3.7055188760702082e-06,0.026755081555769555,0.02114496067493863,0.0346727370644629,0.6098440003633493,,,0.02188696647635837,0.009422982790373364,0.005422977687904247,0.017653487056270168,0.0014362864618736042,0.0024287497973356975,0.015636461657818724,0.008831903204140007,0.016655122000085818,0.03616951522114011,0.02481794974667982
2025-11-05,47.862998962402344,17.491039276123047,3980.300048828125,6796.2900390625,18.010000228881836,100.19999694824219,63.52000045776367,4.09,4.12,837.173594724416,0.026755081555769555,-0.015675245432479938,-0.0014362864618736042,-0.0024287497973356975,0.015636461657818724,36.33051149777748,-82.51564329105895,0.9929919955712543,0.008224087134207535,0.0036468976756877185,0.011322103492424525,-0.014379772049788677,-0.0001996235177140679,-0.05210525111148234,83.1602727600658,9.311396566421474e-05,-0.006672693933064034,0.013974255343872657,0.03397007243948676,0.41136960684337553,,,0.02190672702954081,0.009403788063974976,0.005744357169899092,0.01790098988754573,0.015675245432479938,0.0014362864618736042,0.0024287497973356975,0.015636461657818724,0.015921491146868444,0.036199641947427794,0.024998092087539833
2025-11-06,47.79399871826172,17.399799346923828,3979.89990234375,6720.31982421875,19.5,99.7300033569336,63.380001068115234,4.09,4.12,831.6059876848885,-0.006672693933064034,0.026755081555769555,-0.015675245432479938,-0.0014362864618736042,-0.0024287497973356975,20.540917532605818,-32.80939529716852,0.9942462028857456,-0.0001005367923334668,-0.011241134514722728,-0.005230034059119471,-0.002206453030152947,-0.004701590120104617,0.08273180189796547,83.27195901319429,5.258108480986526e-07,0.0019634108826596156,0.014417438648990638,0.03003653539563913,0.4799967259567441,,,0.021574940147892446,0.009661825939951345,0.005866985219505198,0.017628730932813037,0.026755081555769555,0.015675245432479938,0.0014362864618736042,0.0024287497973356975,0.015867585327056767,0.03545100148417568,0.02502957246252565
2025-11-07,48.016998291015625,17.353029251098633,3999.39990234375,6728.7998046875,19.079999923706055,99.5999984741211,63.630001068115234,4.09,4.12,833.2403758939472,0.0019634108826596156,-0.006672693933064034,0.026755081555769555,-0.015675245432479938,-0.0014362864618736042,14.980331661281525,-54.471751449338626,0.9957023105762239,0.004887656635851291,0.0012610463474931072,-0.0026915866102415905,0.00393670291571288,-0.0013044188035114378,-0.0215384654509716,83.29133524975197,-1.315555115651579e-05,0.04126178767444642,0.014232412793912146,0.028883901688353662,0.49274550742744105,,,0.02091313595345664,0.00964915101852989,0.005847565053471003,0.017392246082114024,0.006672693933064034,0.026755081555769555,0.015675245432479938,0.0014362864618736042,0.023762863254035555,0.03419440206053732,0.02488764932053639
2025-11-10,50.176998138427734,17.30554962158203,4111.7998046875,6832.43017578125,17.600000381469727,99.62000274658203,64.05999755859375,4.09,4.12,868.3405311465904,0.04126178767444642,0.0019634108826596156,-0.006672693933064034,0.026755081555769555,-0.015675245432479938,37.185239826270845,51.35309573486302,0.9996769118920761,0.027716515886168476,0.015283626703501816,-0.002739850320615245,0.0067350320387206605,0.00020082594524243618,-0.07756811049026757,81.94591062111594,-7.593910493705623e-05,-0.0005344984780012693,0.020193937013507884,0.020895745248956165,0.9664138212307437,,,0.02169592752790521,0.007927622952856919,0.005875626108334087,0.015145870423560309,0.0019634108826596156,0.006672693933064034,0.026755081555769555,0.015675245432479938,0.020487452980206104,0.03526803901395534,0.025334593747147176
2025-11-11,50.61800003051758,17.145610809326172,4106.7998046875,6846.60986328125,17.280000686645508,99.45999908447266,65.16000366210938,4.09,4.12,867.8765284697147,-0.0005344984780012693,0.04126178767444642,0.0019634108826596156,-0.006672693933064034,0.026755081555769555,38.737455958122155,42.63462047987559,1.0035004356944492,-0.0012167524528548244,0.0020731999523923177,-0.009285026066093228,0.017025733865876153,-0.0016074311341133444,-0.018181800448205276,81.13318981807878,1.1297578240739916e-05,0.05260367279044099,0.020070531094323704,0.020865205821398992,0.961913880271419,,,0.02048369719300945,0.007302447623028007,0.005505607552962223,0.015446804719080606,0.04126178767444642,0.0019634108826596156,0.006672693933064034,0.026755081555769555,0.027145840532539184,0.030798337732576946,0.025340689519809213
2025-11-12,53.332000732421875,17.15203094482422,4204.39990234375,6850.919921875,17.510000228881836,99.4800033569336,62.709999084472656,4.09,4.12,914.7521269118879,0.05260367279044099,-0.0005344984780012693,0.04126178767444642,0.0019634108826596156,-0.006672693933064034,86.80308081116527,70.39979619153019,1.0143566163367348,0.02348748385555354,0.0006293191259445972,0.00037437766824047224,-0.03832492998009837,0.00020110859840013023,0.013310158165333874,78.83446794801735,8.793189438677871e-06,-0.008634497315513663,0.02601230068566977,0.02421987718525589,1.0740063001436289,,,0.021069188893743433,0.007274229250812419,0.005411296765676691,0.017406569174826664,0.0005344984780012693,0.04126178767444642,0.0019634108826596156,0.006672693933064034,0.027597055647910866,0.032882365811446615,0.02591541768276321
2025-11-13,53.07400131225586,17.087230682373047,4186.89990234375,6737.490234375,20.0,99.18000030517578,63.0099983215332,4.09,4.12,906.8877036590857,-0.008634497315513663,0.05260367279044099,-0.0005344984780012693,0.04126178767444642,0.0019634108826596156,91.81577242146886,68.90130432984733,1.0252703958469207,-0.004170992761122764,-0.01669545163092778,-0.0037851482035271464,0.004772507360316131,-0.0030202685420353567,0.1422044396670561,78.88796395264266,1.5787825756688562e-05,-0.05078507898435043,0.024769047976194496,0.024266520169886285,1.020708688464192,,,0.02100326225961856,0.008248818836554083,0.005367360406789688,0.017334037291820814,0.05260367279044099,0.0005344984780012693,0.04126178767444642,0.0019634108826596156,0.04151400238851162,0.03274111627190697,0.025971100731187982
2025-11-14,50.59000015258789,17.038570404052734,4087.60009765625,6734.10986328125,19.829999923706055,99.2699966430664,64.38999938964844,4.09,4.12,861.9812793409073,-0.05078507898435043,-0.008634497315513663,0.05260367279044099,-0.0005344984780012693,0.04126178767444642,24.807684616491315,61.138196114268794,1.0278458759637954,-0.024002555332014903,-0.0005018514712717733,-0.0028518194298833162,0.02166491475524948,0.0009069926474588239,-0.008500003814697288,80.79857848047767,6.845095366268949e-05,0.0032477889347932256,0.034278765445487434,0.025173714786905003,1.3616887986400301,,,0.0208582634311254,0.008106010344997609,0.005375962979066951,0.017561490967895055,0.008634497315513663,0.05260367279044099,0.0005344984780012693,0.04126178767444642,0.03683847417170712,0.033619053244621805,0.026899751787722144
2025-11-17,50.625,17.08218002319336,4068.300048828125,6672.41015625,22.3799991607666,99.58999633789062,64.19999694824219,4.09,4.12,864.7853636741638,0.0032477889347932256,-0.05078507898435043,-0.008634497315513663,0.05260367279044099,-0.0005344984780012693,33.179375989275286,53.7202935218811,1.0320268230605194,-0.0047327908648018505,-0.009204497894305158,0.002556194828101764,-0.0029551689103654664,0.0032183443862534504,0.12859300286794828,80.36148244598765,-1.2097935531093767e-05,0.0017261951122777453,0.03395927780583124,0.025085692589456882,1.3537309239013708,,,0.02040675738378836,0.008315436874103185,0.005427099778358582,0.017599046495373045,0.05078507898435043,0.008634497315513663,0.05260367279044099,0.0005344984780012693,0.03685673117441223,0.030800571188879244,0.02678219262603314
2025-11-18,50.45000076293945,17.171049118041992,4061.300048828125,6617.31982421875,24.690000534057617,99.55000305175781,64.88999938964844,4.09,4.12,866.2794411056893,0.0017261951122777453,0.0032477889347932256,-0.05078507898435043,-0.008634497315513663,0.05260367279044099,33.03906521174213,48.01939687302365,1.0352732844655008,-0.0017221023533426794,-0.008290709844169318,0.005188958616678145,0.010690356066389406,-0.00040166000595633875,0.10321722340993555,80.50148637086947,-8.935917845179207e-06,0.006469225539767715,0.03396361679027893,0.025064943207133723,1.3550246856578776,,,0.018691300847858784,0.008137010656763217,0.005555390013144548,0.0176199986655704,0.0032477889347932256,0.05078507898435043,0.008634497315513663,0.05260367279044099,0.023710288907754704,0.030200002628142805,0.02674173817346984
2025-11-19,50.790000915527344,17.166799545288086,4077.699951171875,6642.16015625,23.65999984741211,100.2300033569336,63.5099983215332,4.09,4.12,871.9017646218563,0.006469225539767715,0.0017261951122777453,0.0032477889347932256,-0.05078507898435043,-0.008634497315513663,3.561233475265908,40.74647330153675,1.03446838065824,0.004029960569867122,0.00374680773726533,-0.00024751537682328223,-0.021496171840638192,0.006807517363345193,-0.041717321359500015,80.28548686096312,-9.9747720903363e-07,-0.01004978646545525,0.03020512269478505,0.024858523440279206,1.2150811277005515,,,0.013637230459431807,0.008197077304962027,0.0052437166705654025,0.018395743316984386,0.0017261951122777453,0.0032477889347932256,0.05078507898435043,0.008634497315513663,0.023704398765238725,0.023681879339062222,0.02674134787020517
2025-11-20,50.24700164794922,17.178800582885742,4056.5,6538.759765625,26.420000076293945,100.16000366210938,63.380001068115234,4.09,4.12,863.1832211980509,-0.01004978646545525,0.006469225539767715,0.0017261951122777453,0.0032477889347932256,-0.05078507898435043,-4.693307271663798,34.04414868645836,1.031268535929848,-0.0052125591455094164,-0.01568972611631523,0.0006988399120287701,-0.002048976271162809,-0.0006986346146965667,0.11665258861714323,80.73118528387975,-3.6427443746925618e-06,-0.005519981131226153,0.030476771705376885,0.025078887035741775,1.215236212912566,,,0.013477955449173656,0.00878225569788037,0.00472981387979738,0.0178929927404668,0.006469225539767715,0.0017261951122777453,0.0032477889347932256,0.05078507898435043,0.006772028224683097,0.023792718885126976,0.0266330944036958
2025-11-21,49.87300109863281,17.212350845336914,4076.699951171875,6602.990234375,23.43000030517578,100.18000030517578,62.560001373291016,4.09,4.12,858.4315926195413,-0.005519981131226153,-0.01004978646545525,0.006469225539767715,0.0017261951122777453,0.0032477889347932256,-56.320534292346565,30.482546518818708,1.0197694470284968,0.004967292782076356,0.009775103041592069,0.0019510991462103815,-0.013022252926696143,0.00019962706136399537,-0.11317183052550484,81.74162094455613,9.691680706086168e-06,0.017244985590234223,0.019423580712259893,0.025156507699660397,0.7721095846909666,,,0.01276181618843175,0.008979885551791859,0.004738296075005137,0.013502629516555694,0.01004978646545525,0.006469225539767715,0.0017261951122777453,0.0032477889347932256,0.010656015377397904,0.02335747214178354,0.026425956421067064
2025-11-24,50.29499816894531,17.36482048034668,4091.89990234375,6705.1201171875,20.520000457763672,100.13999938964844,63.369998931884766,4.09,4.12,873.3636142631003,0.017244985590234223,-0.005519981131226153,-0.01004978646545525,0.006469225539767715,0.0017261951122777453,-33.52408939598536,58.29168302548351,1.0141378889571206,0.0037215603622990662,0.015348818899081837,0.008819149594202933,0.012864428291568274,-0.0003993701689292362,-0.12419973578785137,81.35798889183174,3.282099755897153e-05,0.008374633062193644,0.02183528704235672,0.024855396790696788,0.878492796804979,,,0.012792420267252578,0.00948206956029317,0.005019620145228265,0.01391357637370517,0.005519981131226153,0.01004978646545525,0.006469225539767715,0.0017261951122777453,0.011025734753235273,0.02354054725083958,0.026475057425938357
2025-11-25,50.933998107910156,17.291170120239258,4139.2001953125,6765.8798828125,18.559999465942383,99.66000366210938,62.47999954223633,4.09,4.12,880.708426187819,0.008374633062193644,0.017244985590234223,-0.005519981131226153,-0.01004978646545525,0.006469225539767715,18.727146846911637,43.53483146340295,1.0169044843099504,0.01149319363831883,0.009020886000832944,-0.004250374593812505,-0.014144048275339164,-0.004804771207528,-0.09551661540434953,81.26595886981183,-4.8850378242077865e-05,0.03301065736148766,0.009021992338681966,0.024087701281565548,0.3745476678418686,,,0.01124584233528018,0.009289701612181303,0.004850632871386501,0.014157873214028279,0.017244985590234223,0.005519981131226153,0.01004978646545525,0.006469225539767715,0.017448885559194827,0.02091524998529755,0.026480613506390107
2025-11-26,52.91600036621094,17.20210075378418,4165.2001953125,6812.60986328125,17.190000534057617,99.5999984741211,63.130001068115234,4.09,4.12,910.2663697868411,0.03301065736148766,0.008374633062193644,0.017244985590234223,-0.005519981131226153,-0.01004978646545525,45.48100611267728,78.66038210195256,1.0236204705932619,0.006261760929431564,0.006882969436149685,-0.005164460323244319,0.010349611093964038,-0.0006022803288050176,-0.07381459974709137,78.7134357564211,-3.2338615873690785e-05,0.061012763254631855,0.014481116997027177,0.025096931109877818,0.5770074808599845,,,0.011018968805422755,0.0094184205151402,0.004990671608744355,0.01389141176731582,0.008374633062193644,0.017244985590234223,0.005519981131226153,0.01004978646545525,0.025521757866099646,0.021764744383607,0.026688078482367684
2025-11-28,56.44599914550781,17.140869140625,4218.2998046875,6849.08984375,16.350000381469727,99.45999908447266,63.20000076293945,4.09,4.12,967.53348486498,0.061012763254631855,0.03301065736148766,0.008374633062193644,0.017244985590234223,-0.005519981131226153,101.25404375929065,134.29310897103278,1.038606619776297,0.012667816416397979,0.005340487341137372,-0.003565893004038423,0.0011082039258071702,-0.001406605188870993,-0.04886562690464402,74.73159955612564,-4.517207793567664e-05,0.03250324940133153,0.02452019807171536,0.02895005207442701,0.8469828658227265,,,0.0112420080479327,0.00950560304505199,0.004984479724973873,0.013748704497199678,0.03301065736148766,0.008374633062193644,0.017244985590234223,0.005519981131226153,0.020040879326882075,0.024915396661068234,0.027505647583210963
2025-12-01,58.417999267578125,17.109420776367188,4239.2998046875,6812.6298828125,17.239999771118164,99.41000366210938,63.16999816894531,3.72,4.09,999.4981303825043,0.03250324940133153,0.061012763254631855,0.03301065736148766,0.008374633062193644,0.017244985590234223,127.59636576064804,131.15759923591395,1.0543497443830698,0.004965958221290471,-0.005337548746055966,-0.0018363858041399966,-0.0004748373001733858,-0.0005027950191184382,0.05443421216412436,72.56838402270142,-9.119415181530128e-06,-0.009526590025187761,0.024842769737294726,0.028326103029345337,0.8770274439642495,,,0.011246841112341342,0.00932248473563897,0.004994765894976416,0.013738165588754774,0.061012763254631855,0.03301065736148766,0.008374633062193644,0.017244985590234223,0.026860047760499987,0.02544088973559442,0.027678938081673862
2025-12-02,57.983001708984375,17.0743408203125,4186.60009765625,6829.3701171875,16.59000015258789,99.36000061035156,62.45000076293945,3.72,4.09,990.0215329639614,-0.009526590025187761,0.03250324940133153,0.061012763254631855,0.03301065736148766,0.008374633062193644,126.83831176591048,122.14500449424668,1.0711562259364986,-0.01250914319860585,0.002454221195936617,-0.002052434649122166,-0.011463227136073771,-0.0005031247344953009,-0.03770299461483784,72.20392139525165,2.5674198931649526e-05,4.169588501716033e-05,0.024739582838027067,0.02868419798842251,0.8624812465738954,,,0.011625565452879178,0.009320244243265531,0.004763709807072702,0.013898558032141486,0.03250324940133153,0.061012763254631855,0.03301065736148766,0.008374633062193644,0.028371306794901848,0.025643626736739252,0.027704436330686602
2025-12-03,57.92100143432617,17.09333038330078,4199.2998046875,6849.72021484375,16.079999923706055,98.8499984741211,62.66999816894531,3.72,4.09,990.0628136485757,4.169588501716033e-05,-0.009526590025187761,0.03250324940133153,0.061012763254631855,0.03301065736148766,131.63122102903435,75.31068673668779,1.0856680326754942,0.0030288262173034956,0.0029753605210852863,0.0011115516085557862,0.0035165862307886425,-0.005146090147679137,-0.03074142400187263,72.50046961720584,3.3666966538796377e-06,-0.02226635385164328,0.02387305322858225,0.0258998695564889,0.9217441491940311,,,0.011616271501508802,0.00933635497855714,0.004768988173988577,0.013947787531746487,0.009526590025187761,0.03250324940133153,0.061012763254631855,0.03301065736148766,0.033921193377845583,0.025617166505408878,0.027562406421559108
2025-12-04,56.84700012207031,17.032760620117188,4211.7998046875,6857.1201171875,15.779999732971191,98.98999786376953,63.2599983215332,3.72,4.09,968.2613450509962,-0.02226635385164328,4.169588501716033e-05,-0.009526590025187761,0.03250324940133153,0.061012763254631855,94.89773078789585,61.373641391910496,1.0952493582322078,0.0029722651693542806,0.001079738711974404,-0.00354976646929855,0.009370356325492936,0.0014152791711311394,-0.01865672836805088,74.09009790566431,-1.05508472360378e-05,0.024344491222422247,0.028883138384956618,0.026721461314961892,1.0808966637159307,,,0.011056532701991811,0.008937630415076071,0.004809010581956463,0.014091897713348202,4.169588501716033e-05,0.009526590025187761,0.03250324940133153,0.061012763254631855,0.022965718233598595,0.025966363415074824,0.02776987562792683
2025-12-05,58.422000885009766,16.98200035095215,4212.89990234375,6870.39990234375,15.40999984741211,98.98999786376953,63.75,3.72,4.09,992.1224395325626,0.024344491222422247,-0.02226635385164328,4.169588501716033e-05,-0.009526590025187761,0.03250324940133153,111.41401334474358,130.14116019165522,1.1072101968310573,0.00026116008896670296,0.0019347688846794776,-0.0029846046478865826,0.00771599269386263,0.0,-0.023447394918898135,72.11153056253366,-7.794596153724951e-07,-0.014099124599833961,0.02892762612459143,0.021820966057543797,1.3256803593528694,,,0.01100786411706323,0.008916210690756229,0.003954452516943505,0.013856466214154066,0.02226635385164328,4.169588501716033e-05,0.009526590025187761,0.03250324940133153,0.017926845445924242,0.025885443116026023,0.02787645857203613
2025-12-08,57.77899932861328,16.93058967590332,4187.2001953125,6846.509765625,16.65999984741211,99.08999633789062,62.4900016784668,3.72,4.09,978.2325295170449,-0.014099124599833961,0.024344491222422247,-0.02226635385164328,4.169588501716033e-05,-0.009526590025187761,67.9661597302038,113.44716584288108,1.112336530355446,-0.006118924040939417,-0.0034833153316476935,-0.003031954468348825,-0.01996261323777931,0.0010096777619507662,0.08111615914194314,72.4692404501183,1.8552299087413315e-05,0.04613972825503611,0.03004503947020317,0.022710908594780487,1.322934278248482,,,0.011161812002617583,0.008558234950977336,0.0038765070540010163,0.01453404508274254,0.024344491222422247,0.02226635385164328,4.169588501716033e-05,0.009526590025187761,0.028207797030307822,0.026146571623406396,0.02778339964816385
2025-12-09,60.16899871826172,17.025800704956055,4206.7001953125,6840.509765625,16.93000030517578,99.22000122070312,61.939998626708984,3.72,4.09,1024.4253807938803,0.04613972825503611,-0.014099124599833961,0.024344491222422247,-0.02226635385164328,4.169588501716033e-05,56.89189592890034,158.145939688191,1.1121542614133477,0.0046462393338665645,-0.0008767431610132386,0.005607856282807809,-0.008840418427010924,0.0013111280624961959,0.016206510218282677,69.91474488399184,2.605544243985238e-05,0.0036074750131268457,0.02613090516736366,0.0246640659986519,1.0594727231427266,,,0.011159265120159748,0.008566259767230756,0.004141720874194523,0.014598701900841457,0.014099124599833961,0.024344491222422247,0.02226635385164328,4.169588501716033e-05,0.028037764734817252,0.027405966757762187,0.028256533581687997
2025-12-10,60.37900161743164,17.02790069580078,4196.39990234375,6886.68017578125,15.770000457763672,98.79000091552734,62.209999084472656,3.72,4.09,1028.1276436532207,0.0036074750131268457,0.04613972825503611,-0.014099124599833961,0.024344491222422247,-0.02226635385164328,28.629513270716416,156.22587903136446,1.1077528397850214,-0.002451547168984526,0.006726880659139976,0.00012333407300863243,0.004349591436459808,-0.004343224852105771,-0.06851741444195236,69.50098196277949,-3.023592975236437e-07,0.05094032953672954,0.023825536867065955,0.024725009167762012,0.9636209517823418,,,0.00956619684249523,0.008028727824842909,0.004125446888731673,0.014542375484419076,0.04613972825503611,0.014099124599833961,0.024344491222422247,0.02226635385164328,0.027690357098691564,0.026462681532766194,0.028251189459540058
2025-12-11,63.92900085449219,16.922800064086914,4285.5,6901.0,14.850000381469727,98.3499984741211,61.279998779296875,3.72,4.09,1081.8576997574128,0.05094032953672954,0.0036074750131268457,0.04613972825503611,-0.014099124599833961,0.024344491222422247,91.83616679345141,218.6744785593619,1.1114827964294502,0.021010239753042382,0.00207719198371703,-0.006191387223173529,-0.015062238297959723,-0.0044638650035066525,-0.05833862077290075,67.03530389524092,-0.00013008252996279916,-0.04519265995136375,0.028577009425787437,0.025928038495323602,1.1021662680322541,,,0.010496557144205472,0.008028770050889759,0.003852385319774611,0.014191590240630743,0.0036074750131268457,0.04613972825503611,0.014099124599833961,0.024344491222422247,0.04072850907532123,0.027969506598095203,0.028824085902055804
2025-12-12,61.36199951171875,16.851699829101562,4300.10009765625,6827.41015625,15.739999771118164,98.4000015258789,61.119998931884766,3.72,4.09,1034.053996684961,-0.04519265995136375,0.05094032953672954,0.0036074750131268457,0.04613972825503611,-0.014099124599833961,43.99118303638534,175.6224040654197,1.110134813890849,0.003401069596484952,-0.010720913458554537,-0.004210297131897667,-0.002614378129687933,0.0005082902448220087,0.059932617291983625,70.07757458808082,-1.431951356746495e-05,0.02581649619879067,0.03604722644393764,0.03027905734758935,1.1905002863904386,,,0.00928904563096042,0.008385057228561895,0.003922318307552121,0.011649311432717947,0.05094032953672954,0.0036074750131268457,0.04613972825503611,0.014099124599833961,0.03912596904473672,0.02873875261513922,0.029539337494229854
2025-12-15,62.939998626708984,16.858869552612305,4306.7001953125,6816.509765625,16.5,98.1500015258789,60.560001373291016,3.72,4.09,1061.0972264892844,0.02581649619879067,-0.04519265995136375,0.05094032953672954,0.0036074750131268457,0.04613972825503611,92.8358814382882,187.73361222618405,1.115207739143286,0.001533693992035725,-0.0015978388918367072,0.00042536947612272863,-0.009204495576828517,-0.002543883296239742,0.04828464040237068,68.42548918462995,6.523866099248127e-07,-0.008358856930552933,0.0342529651338724,0.030451232363129726,1.1248465981739972,,,0.009211147428442241,0.007496956704336681,0.0038715934429565005,0.011688854146294878,0.04519265995136375,0.05094032953672954,0.0036074750131268457,0.04613972825503611,0.036203882568694744,0.028854390095546446,0.02964137312153104
2025-12-16,62.70000076293945,16.782529830932617,4304.5,6800.259765625,16.479999542236328,98.1500015258789,58.91999816894531,3.72,4.09,1052.2646332035292,-0.008358856930552933,0.02581649619879067,-0.04519265995136375,0.05094032953672954,0.0036074750131268457,60.14219367096666,171.55620701571024,1.1154799819488013,-0.0005110078294488002,-0.00238676400843967,-0.004538446920310787,-0.02745407128826342,0.0,-0.0012121489553740261,68.65231176431328,2.3191819098166068e-06,0.05194182294370398,0.034687923086463755,0.0310084229312761,1.1186613122293425,,,0.007182086664874668,0.007521489098368047,0.003936703322262238,0.011654464171299317,0.02581649619879067,0.04519265995136375,0.05094032953672954,0.0036074750131268457,0.041659903802098885,0.02590561139715048,0.02952636532980409
2025-12-17,66.23699951171875,16.73332977294922,4347.5,6721.43017578125,17.6200008392334,98.37000274658203,59.68000030517578,3.72,4.09,1108.3655560002662,0.05194182294370398,-0.008358856930552933,0.02581649619879067,-0.04519265995136375,0.05094032953672954,130.13302648322133,198.09918621342513,1.1236593638664127,0.009939980130428714,-0.01165985661137129,-0.002935929073913546,0.01281640049157498,0.0022389711767302712,0.06917483790429602,65.6355214162567,-2.9183076659048624e-05,-0.02315755898164023,0.03648087699420875,0.0323456331261264,1.1278455070567843,,,0.007160828474479938,0.007696376479245188,0.003890257863254206,0.012234300044543204,0.008358856930552933,0.02581649619879067,0.04519265995136375,0.05094032953672954,0.03877094209926676,0.02745130076948601,0.030083337330847386
2025-12-18,64.59200286865234,16.766679763793945,4339.5,6774.759765625,16.8700008392334,98.43000030517578,59.81999969482422,3.72,4.09,1082.9934274007537,-0.02315755898164023,0.05194182294370398,-0.008358856930552933,0.02581649619879067,-0.04519265995136375,58.568046606873395,115.45994253577373,1.1227726383542074,-0.0018418331441386099,0.007902951520479156,0.001991044320478616,0.002343087091193699,0.0006097312959568807,-0.04256526471497213,67.18323952307782,-3.667171420906451e-06,0.03131971078404926,0.03692180718670154,0.0307301326882005,1.201485446266181,,,0.007164957072440539,0.007598120198518049,0.003694252053573513,0.011881523521626781,0.05194182294370398,0.008358856930552933,0.02581649619879067,0.04519265995136375,0.030611888882283663,0.028428327409367002,0.030283365132188822
2025-12-19,66.84500122070312,16.71702003479004,4361.39990234375,6834.5,14.90999984741211,98.5999984741211,60.470001220703125,3.72,4.09,1117.4492246320588,0.03131971078404926,-0.02315755898164023,0.05194182294370398,-0.008358856930552933,0.02581649619879067,89.32158097883803,117.95109424955444,1.1249270022760922,0.005033950243312225,0.008779407421828872,-0.00296620539026623,0.01080734637180837,0.001725607391589653,-0.11618262562637516,65.24646305179428,-1.4931730346044721e-05,0.01741784529843282,0.03785347734416686,0.030659240629329503,1.2346514971396632,,,0.00717443028876906,0.007762706000241977,0.0037092092552089223,0.011573072384298656,0.02315755898164023,0.05194182294370398,0.008358856930552933,0.02581649619879067,0.030131787712413496,0.02876163304274924,0.030324535447480216
2025-12-22,67.90599822998047,16.74496078491211,4444.60009765625,6878.490234375,14.079999923706055,98.29000091552734,62.06999969482422,3.72,4.09,1137.083277421334,0.01741784529843282,0.03131971078404926,-0.02315755898164023,0.05194182294370398,-0.008358856930552933,55.225577663921285,147.0617444573727,1.121304947188405,0.018896813791643464,0.006415870575561936,0.0016700001572701093,0.02611538103687975,-0.0031489442400540555,-0.05566733281020897,65.45224595040209,3.155768200394856e-05,0.03437735892689762,0.034017559138751575,0.030320397301919783,1.1219364574948265,,,0.0076721930521021255,0.006770600647325603,0.0037408282213579067,0.01313455302337173,0.03131971078404926,0.02315755898164023,0.05194182294370398,0.008358856930552933,0.028266803334618455,0.02833901444174271,0.0303548427545921
2025-12-23,70.48500061035156,16.696500778198242,4482.7998046875,6909.7900390625,14.0,97.94000244140625,62.380001068115234,3.72,4.09,1176.8528675420384,0.03437735892689762,0.01741784529843282,0.03131971078404926,-0.02315755898164023,0.05194182294370398,142.79887085707742,186.79005389346275,1.1303759398517028,0.008557909489307347,0.004540067046788208,-0.0028982011173570837,0.004981952793454131,-0.003567230691348714,-0.005681812794001595,63.59934405716877,-2.480254284415134e-05,0.006049948635687609,0.025968701339341146,0.03084639903939768,0.8418714063243935,,,0.007726434573348662,0.0065796232994732315,0.0036846686872852464,0.012895632800577168,0.01741784529843282,0.03131971078404926,0.02315755898164023,0.05194182294370398,0.023278691908706357,0.02836400645824325,0.030429543760629955
2025-12-24,71.03099822998047,16.668699264526367,4480.60009765625,6932.0498046875,13.470000267028809,97.9800033569336,62.2400016784668,3.72,4.09,1183.9943479546491,0.006049948635687609,0.03437735892689762,0.01741784529843282,0.03131971078404926,-0.02315755898164023,122.89712146536476,215.73300290365296,1.136088858349124,-0.0004908198003828014,0.003216304344700708,-0.0016664980321118225,-0.0022468214645863815,0.00040833927010335686,-0.03785712378365658,63.07950344649805,8.17950231459456e-07,0.07149853547585688,0.026112219673798592,0.0292915201576032,0.8914600380349548,,,0.007802556357104623,0.005856857997917163,0.0028364888678422376,0.012550858525346575,0.03437735892689762,0.01741784529843282,0.03131971078404926,0.02315755898164023,0.024759873361420496,0.028425303286113285,0.030327356604606105
2025-12-26,76.48600006103516,16.627199172973633,4529.10009765625,6929.93994140625,13.600000381469727,98.0199966430664,60.63999938964844,3.72,4.09,1271.747956958905,0.07149853547585688,0.006049948635687609,0.03437735892689762,0.01741784529843282,0.03131971078404926,219.48332375537575,279.6255174263424,1.153922040132262,0.010766277995574931,-0.00030440987710828846,-0.0024928063209377405,-0.026043175568838114,0.000408094762120937,0.0096510847708835,59.214759485946026,-2.6838245840342095e-05,-0.08874890016630865,0.030880883925829276,0.03300290270426658,0.9357020563478201,,,0.007770695772607361,0.0056133385684479405,0.002790726795268164,0.013419279748653413,0.006049948635687609,0.03437735892689762,0.01741784529843282,0.03131971078404926,0.05954117590105711,0.030969941996220707,0.03115053637026713
2025-12-29,69.85600280761719,16.65920066833496,4325.10009765625,6905.740234375,14.199999809265137,98.04000091552734,61.939998626708984,3.72,4.09,1163.7451686598652,-0.08874890016630865,0.07149853547585688,0.006049948635687609,0.03437735892689762,0.01741784529843282,55.37961265959893,185.51263914282026,1.1519705879513054,-0.04608798173882948,-0.003498162923937312,0.0019227976214563954,0.02121142110479338,0.00020406276425030386,0.044117603747491074,61.91450875836021,-8.861786166514711e-05,0.10302484104667835,0.05113346115521058,0.04304467796190477,1.1879159881382901,,,0.013436670147584817,0.005538993889884836,0.0028002341691936118,0.014088390702288707,0.07149853547585688,0.006049948635687609,0.03437735892689762,0.01741784529843282,0.07354514321326772,0.038421417841913164,0.03341585082966632
2025-12-30,77.3740005493164,16.672700881958008,4370.10009765625,6896.240234375,14.329999923706055,98.23999786376953,61.91999816894531,3.72,4.09,1290.033567199207,0.10302484104667835,-0.08874890016630865,0.07149853547585688,0.006049948635687609,0.03437735892689762,207.0401397984533,265.6081864053267,1.1648160546334954,0.010350630404542907,-0.0013766142506534472,0.0008100476560504322,-0.00032295266357063333,0.002037874655599212,0.009154937759653814,56.48021385259573,8.38450389784432e-06,-0.10348875906487284,0.06018481052365296,0.048777292098479114,1.2338694489670028,,,0.013352156708979364,0.005447571756355925,0.002803746231301495,0.01408161905685293,0.08874890016630865,0.07149853547585688,0.006049948635687609,0.03437735892689762,0.0926307717797166,0.04204086764865177,0.03549680251866018
2025-12-31,70.13400268554688,16.58547019958496,4325.60009765625,6845.5,14.949999809265137,98.27999877929688,60.849998474121094,3.72,4.09,1163.2054115187493,-0.10348875906487284,0.10302484104667835,-0.08874890016630865,0.07149853547585688,0.006049948635687609,45.75618688669056,135.07776786552859,1.1599267230862185,-0.010235032825325435,-0.007384867434248815,-0.005245681260557298,-0.01743140535270956,0.00040709257849640764,0.04326586802930965,61.676218838535846,5.368971989299845e-05,0.003954702085687728,0.07703263969183914,0.058398267637759245,1.3190911786915962,,,0.013575484708997877,0.005570932161666366,0.002931036347489358,0.014530543294898297,0.10302484104667835,0.08874890016630865,0.07149853547585688,0.006049948635687609,0.0925880978287774,0.048911824896490284,0.03809178650096267
2026-01-02,70.55599975585938,16.551599502563477,4314.39990234375,6858.47021484375,14.510000228881836,98.41999816894531,60.75,3.72,4.09,1167.8146504619508,0.003954702085687728,-0.10348875906487284,0.10302484104667835,-0.08874890016630865,0.07149853547585688,30.731373040616745,85.95695070453803,1.152957661805452,-0.0025926392560806856,0.0018929140261155547,-0.002044279057962366,-0.0016447121368073046,0.0014234816010223847,-0.02943141043457509,61.14859001746988,5.300078136056873e-06,0.07314770634094281,0.0768601521761592,0.05712755087641059,1.3454130449673574,,,0.013252175752950136,0.005561060730730679,0.0029309573940837696,0.014360417454795193,0.10348875906487284,0.10302484104667835,0.08874890016630865,0.07149853547585688,0.09292107216992909,0.04876925912980966,0.03779555125564956
2026-01-05,76.16400146484375,16.49650001525879,4436.89990234375,6902.0498046875,14.899999618530273,98.2699966430664,61.7599983215332,3.72,4.09,1256.4394513269654,0.07314770634094281,0.003954702085687728,-0.10348875906487284,0.10302484104667835,-0.08874890016630865,79.58658378492692,222.38545464200433,1.1497287429203649,0.027997669976117596,0.006334024511051582,-0.0033345057151562907,0.016488796318615113,-0.0015252586193083848,0.02687797267378067,58.25455355561593,-9.335839054642381e-05,0.047415416304710876,0.08072953090484018,0.057807114709407026,1.3965327851193197,,,0.01446704346530029,0.005691562893570413,0.002894702220310021,0.014849292772237704,0.003954702085687728,0.10348875906487284,0.10302484104667835,0.08874890016630865,0.08040617993381818,0.050751825808659314,0.03852756373525326
2026-01-06,80.52999877929688,16.359729766845703,4482.2001953125,6944.81982421875,14.75,98.58000183105469,60.70000076293945,3.72,4.09,1317.4490181537112,0.047415416304710876,0.07314770634094281,0.003954702085687728,-0.10348875906487284,0.10302484104667835,133.4546701990621,256.35179166442686,1.1512746502762774,0.010158128512449065,0.0061775920038938375,-0.00832542499928682,-0.017312167904801525,0.003149661637507837,-0.010067088749702191,55.65876397932854,-8.457073706351168e-05,-0.04336913680567818,0.08195255370746655,0.05843403194191234,1.4024798731830337,,,0.014560451468396008,0.00583070323460579,0.0032175092556761173,0.015084536554596911,0.07314770634094281,0.003954702085687728,0.10348875906487284,0.10302484104667835,0.07089682263548966,0.0507222504718979,0.03886618846400049
2026-01-07,77.13500213623047,16.35487937927246,4449.2998046875,6920.93017578125,15.380000114440918,98.68000030517578,59.959999084472656,3.72,4.09,1261.533655857973,-0.04336913680567818,0.047415416304710876,0.07314770634094281,0.003954702085687728,-0.10348875906487284,-10.214301100932062,209.2690226544437,1.1356629896446249,-0.007367304357957669,-0.0034458535710101927,-0.0002965273151893019,-0.012266052669043024,0.001013874902202199,0.042711872165486,57.681981998645135,2.184606981447631e-06,-0.02626793999948682,0.08029782969279357,0.06025249189702677,1.3326889422270676,,,0.014725453780884778,0.005887301150557824,0.0032264874899360987,0.015073415080365169,0.047415416304710876,0.07314770634094281,0.003954702085687728,0.10348875906487284,0.048946286159869526,0.05220668987967919,0.03917838903204142
2026-01-08,74.71600341796875,16.446640014648438,4449.7001953125,6921.4599609375,15.449999809265137,98.93000030517578,61.9900016784668,3.72,4.09,1228.8272115485743,-0.02626793999948682,-0.04336913680567818,0.047415416304710876,0.07314770634094281,0.003954702085687728,65.08204288870911,120.46165554830804,1.1318691700562626,8.998553214307117e-05,7.654532942294603e-05,0.005594916115915182,0.03329545082481151,0.0025302376661600922,0.004551345533378326,59.554847579579906,5.034615039864725e-07,0.058253979059660635,0.07197956747095943,0.059984884035804126,1.1999617675012233,,,0.014603470871056424,0.005822331212331658,0.0035894706306387873,0.016477337384554196,0.04336913680567818,0.047415416304710876,0.07314770634094281,0.003954702085687728,0.05286578726884721,0.05257059834955295,0.039243034806018935
2026-01-09,78.88400268554688,16.512060165405273,4490.2998046875,6966.27978515625,14.489999771118164,99.12999725341797,63.34000015258789,3.72,4.09,1302.5373984317412,0.058253979059660635,-0.02626793999948682,-0.04336913680567818,0.047415416304710876,0.07314770634094281,12.50383123253414,219.54397103098745,1.119143438519736,0.009082749101682023,0.006454611138321038,0.003969831110783089,0.0215439347292828,0.002019559918039706,-0.062135925566243366,56.922818972397465,3.605697995529445e-05,0.06779791262598506,0.06360751035771774,0.06073924403286168,1.0472226213962137,,,0.01466203836530742,0.00595282539339563,0.0034448913564213085,0.017022522662572787,0.02626793999948682,0.04336913680567818,0.047415416304710876,0.07314770634094281,0.05160680200701578,0.053041440663967744,0.0393112545511785
2026-01-12,84.61000061035156,16.474519729614258,4604.2998046875,6977.27001953125,15.119999885559082,98.86000061035156,63.869998931884766,3.72,4.09,1393.9091243779112,0.06779791262598506,0.058253979059660635,-0.02626793999948682,-0.04336913680567818,0.047415416304710876,230.7037128591619,276.45989974585245,1.1323853499656826,0.025071135876622564,0.0015763900591805138,-0.002276104532054046,0.0083327073307053,-0.0027273782852244126,0.04347826945426525,54.417914802900846,-5.70645259925234e-05,0.008779949062572614,0.04743198294347533,0.06233840945194554,0.7608789406158808,,,0.015354116330645227,0.005803577968203899,0.0034295428626728635,0.017083041957910057,0.058253979059660635,0.02626793999948682,0.04336913680567818,0.047415416304710876,0.049467124911989825,0.05439986062223308,0.04003075700861748
2026-01-13,85.87699890136719,16.37459945678711,4589.2001953125,6963.740234375,15.979999542236328,99.12999725341797,65.47000122070312,3.72,4.09,1406.2014595608343,0.008779949062572614,0.06779791262598506,0.058253979059660635,-0.02626793999948682,-0.04336913680567818,238.38680909888353,269.1181821395003,1.1477202425549073,-0.003284847544970745,-0.0019410055882070072,-0.006083607930740128,0.024742290248000683,0.002727378285224404,0.056878284602278395,53.43922416971465,1.9983724575856263e-05,0.05718608543380646,0.047094653613149885,0.06236380271368605,0.7551600698463298,,,0.014951369033891977,0.0058194305011148246,0.0034223593427273455,0.01738769525856155,0.06779791262598506,0.058253979059660635,0.02626793999948682,0.04336913680567818,0.040412906333937376,0.05376177292652261,0.0390205648690221
2026-01-14,90.86900329589844,16.38578987121582,4626.2998046875,6926.60009765625,16.75,99.12999725341797,66.5199966430664,3.72,4.09,1488.9603938134096,0.05718608543380646,0.008779949062572614,0.06779791262598506,0.058253979059660635,-0.02626793999948682,232.52094248644426,312.10752627137117,1.1602420370333721,0.008051610829708839,-0.005347633584135448,0.0006831673916875737,0.015910562761470213,0.0,0.04818526156577807,50.91174808666926,5.500597969415609e-06,0.011202113097928785,0.044791825177889294,0.06319645247465189,0.7087711955960709,,,0.014987952985172965,0.00540818041154173,0.003399983628094503,0.017549816906670214,0.008779949062572614,0.06779791262598506,0.058253979059660635,0.02626793999948682,0.02829853958412723,0.05290494174315293,0.03949781197813446
2026-01-15,91.8759994506836,16.38875961303711,4616.2998046875,6944.47021484375,15.84000015258789,99.31999969482422,63.7599983215332,3.72,4.09,1505.733669204783,0.011202113097928785,0.05718608543380646,0.008779949062572614,0.06779791262598506,0.058253979059660635,188.2846510510717,321.7393212501338,1.16616174910237,-0.002163894212595402,0.002576603920444464,0.00018122243485569508,-0.042376595702500956,0.0019148652293783496,-0.054328349099230455,50.244893468238104,-3.921461779766859e-07,-0.04564897009404614,0.04375041298679391,0.06314400042836538,0.692867298397212,,,0.015033633678662053,0.005396711668530735,0.0033940751112570165,0.02010727236820973,0.05718608543380646,0.008779949062572614,0.06779791262598506,0.058253979059660635,0.04522286965546738,0.05288427807117461,0.039477774040297085
2026-01-16,88.09100341796875,16.3302001953125,4588.39990234375,6940.009765625,15.859999656677246,99.38999938964844,64.12999725341797,3.72,4.09,1438.5437212213874,-0.04564897009404614,0.011202113097928785,0.05718608543380646,0.008779949062572614,0.06779791262598506,177.01006536341447,166.7957642624824,1.1727645455325624,-0.0060621179774391735,-0.0006425086684515026,-0.003579544129464312,0.005786222175223866,0.000704541271624515,0.0012625949429734273,52.087043220213914,2.1699618818262464e-05,0.06959773756067635,0.04429787266919163,0.06315282540997998,0.7014392844914786,,,0.01515243405494232,0.005357106139087423,0.003355216245579429,0.018907906882120424,0.011202113097928785,0.05718608543380646,0.008779949062572614,0.06779791262598506,0.0457044052925056,0.05437168372719242,0.03990438410073616
2026-01-20,94.20600128173828,16.370819091796875,4759.60009765625,6796.85986328125,20.09000015258789,98.63999938964844,64.91999816894531,3.72,4.09,1542.229404344922,0.06959773756067635,-0.04564897009404614,0.011202113097928785,0.05718608543380646,0.008779949062572614,313.40219279634766,378.4842356850568,1.1912439425805925,0.036632293474919336,-0.020842460953261224,0.002484260017577211,0.012243484109182858,-0.007574646170517677,0.2667087381764075,50.5233215814128,9.100414203189666e-05,-0.01900659520306129,0.04285312450529479,0.05833349141722882,0.7346230006839279,,,0.01679099878557265,0.006656585032620668,0.0034307900877742,0.018895011587953696,0.04564897009404614,0.011202113097928785,0.05718608543380646,0.008779949062572614,0.04901324120666514,0.05510483647395091,0.039673033278892995
2026-01-21,92.20999908447266,16.41029930114746,4831.7998046875,6875.6201171875,16.899999618530273,98.76000213623047,65.23999786376953,3.72,4.09,1513.1936835347296,-0.01900659520306129,0.06959773756067635,-0.04564897009404614,0.011202113097928785,0.05718608543380646,210.65628510298848,223.16011633552262,1.1989138203154697,0.015055377008505682,0.01152111763356032,0.0024087176017459767,0.004917030567025608,0.0012158334390808274,-0.1587854907829206,52.39995502289439,3.626415160130932e-05,0.030995212111704012,0.04499620418941263,0.05394348381299914,0.8341360440381786,,,0.016885926257357204,0.006899322774854835,0.0034504130112247935,0.018892022709910326,0.06959773756067635,0.04564897009404614,0.011202113097928785,0.05718608543380646,0.044527205932800296,0.05496563625904717,0.039766243519243696
2026-01-22,95.97599792480469,16.262710571289062,4908.7998046875,6913.35009765625,15.640000343322754,98.36000061035156,64.05999755859375,3.72,4.09,1560.8298760417383,0.030995212111704012,-0.01900659520306129,0.06959773756067635,-0.04564897009404614,0.011202113097928785,166.9207516638271,397.624464522989,1.199365907076262,0.015810444337397162,0.0054725007079021405,-0.009034351856570293,-0.018252638938862076,-0.004058462554227607,-0.07455617181351726,51.146118934167774,-0.00014283711715276534,0.04182518930538235,0.04060972577835051,0.04271755658356285,0.950656569013046,,,0.017046260382628475,0.006741723938585604,0.003852002328103494,0.019434968500923203,0.01900659520306129,0.06959773756067635,0.04564897009404614,0.011202113097928785,0.04687635402475761,0.054961138390759584,0.038094721673574486
2026-01-23,100.92500305175781,16.12579917907715,4976.2001953125,6915.60986328125,16.09000015258789,97.5999984741211,65.87999725341797,3.72,4.09,1627.4963313603948,0.04182518930538235,0.030995212111704012,-0.01900659520306129,0.06959773756067635,-0.04564897009404614,221.2948717995605,459.68168089844403,1.2052952208948504,0.013637113842028292,0.0003268164274822459,-0.008454369080896177,0.028014757548990164,-0.007756745768232539,0.02877236568970143,49.30592068211812,-0.00011529319361870527,0.12630897207187744,0.04151962203796519,0.04275400490276925,0.9711282517833995,,,0.01687941235692101,0.006606235147283668,0.004086550562270081,0.01955322114719268,0.030995212111704012,0.01900659520306129,0.06959773756067635,0.04564897009404614,0.05337844740149439,0.055251856672687255,0.038301478526774055
2026-01-26,115.08000183105469,16.04631996154785,5079.7001953125,6950.22998046875,16.149999618530273,97.04000091552734,65.58999633789062,3.72,4.09,1846.6105305566161,0.12630897207187744,0.04182518930538235,0.030995212111704012,-0.01900659520306129,0.06959773756067635,357.65013674320653,590.1710792296508,1.2193805683042387,0.02058565637353524,0.00499359426016032,-0.004940885545733826,-0.004411674146464803,-0.005754203714711162,0.0037289910113973423,44.1405988398388,-0.00010171137202544368,-0.08865238354009745,0.05694738068918272,0.0493368318592903,1.1542569423913935,,,0.017193776505198714,0.006621662830608707,0.004138129244892659,0.01960906077443603,0.04182518930538235,0.030995212111704012,0.01900659520306129,0.06959773756067635,0.07939007369579931,0.06011887456132442,0.0409533005485692
2026-01-27,105.52300262451172,16.014999389648438,5079.89990234375,6978.60009765625,16.350000381469727,96.22000122070312,67.56999969482422,3.72,4.09,1689.9508226254256,-0.08865238354009745,0.12630897207187744,0.04182518930538235,0.030995212111704012,-0.01900659520306129,184.21715342064272,372.5018044717144,1.2205992469140712,3.931395514705028e-05,0.004073587840441241,-0.0019537924512511855,0.02974090357535081,-0.008486025112438676,0.012383948462139527,48.14021375433976,-7.681130879513453e-08,0.059573927035303606,0.07292586656593415,0.057790902850594024,1.2618918024947339,,,0.017184229585144015,0.006643291484240508,0.00413782339103355,0.020455057751248666,0.12630897207187744,0.04182518930538235,0.030995212111704012,0.01900659520306129,0.07792438815360005,0.06470873396156093,0.04282309087902085
2026-01-28,113.11100006103516,15.857760429382324,5301.60009765625,6978.02978515625,16.350000381469727,96.44999694824219,68.4000015258789,3.72,4.09,1793.687140895745,0.059573927035303606,-0.08865238354009745,0.12630897207187744,0.04182518930538235,0.030995212111704012,355.1434196743576,532.153485037772,1.2354142911133421,0.04271712307880896,-8.172639170147053e-05,-0.00986674745414868,0.012208753889031485,0.0023874587530184044,0.0,46.870773795612145,-0.0004214790653863942,-0.0012069263738799603,0.06870552751070926,0.05593032023153271,1.2284129113920945,,,0.018952821309980897,0.006642424810337171,0.004488234173495116,0.01932612607476868,0.08865238354009745,0.12630897207187744,0.04182518930538235,0.030995212111704012,0.07954967049051037,0.06425679975060156,0.042631086743271145
2026-01-29,114.03700256347656,15.710020065307617,5318.39990234375,6969.009765625,16.8799991607666,96.27999877929688,70.70999908447266,3.72,4.09,1791.523598459753,-0.0012069263738799603,0.059573927035303606,-0.08865238354009745,0.12630897207187744,0.04182518930538235,249.29419411483104,562.6963869111787,1.239475436182512,0.0031638076649501356,-0.0012934674424623016,-0.00936026799746664,0.03321414573183764,-0.0017641074747170135,0.032415826723621866,46.6374929434274,-2.9614087636372414e-05,-0.37557491225681766,0.0673642963781816,0.05454228113501552,1.2350839564525382,,,0.014518740537195622,0.006596167650096926,0.00463586941676167,0.019973389628186122,0.059573927035303606,0.08865238354009745,0.12630897207187744,0.04182518930538235,0.19544208685584288,0.059779525058330195,0.04266760014713204
2026-01-30,78.29000091552734,15.7183198928833,4713.89990234375,6939.02978515625,17.440000534057617,96.98999786376953,70.69000244140625,3.72,4.09,1230.5872788043853,-0.37557491225681766,-0.0012069263738799603,0.059573927035303606,-0.08865238354009745,0.12630897207187744,-282.60640473034437,-71.95011962735589,1.2045944506493866,-0.1206569177115754,-0.0043111794144580756,0.0005281747479933827,-0.00028283794885322443,0.00734725814399296,0.03317543845574367,60.210752934208195,-6.372793710596965e-05,0.006802844260622595,0.16584374842146685,0.11969768002795603,1.3855218278477341,,,0.03196012318251438,0.006667153061938334,0.00462531013825016,0.019972725878020913,0.0012069263738799603,0.059573927035303606,0.08865238354009745,0.12630897207187744,0.17368302892627493,0.10263317715342388,0.06490394096059043
2026-02-02,76.77799987792969,16.137269973754883,4622.5,6976.43994140625,16.34000015258789,97.61000061035156,66.30000305175781,3.72,4.09,1238.9873120750708,0.006802844260622595,-0.37557491225681766,-0.0012069263738799603,0.059573927035303606,-0.08865238354009745,-321.8425639666675,-154.9218123028404,1.1672876799769947,-0.0195798858862585,0.005376785277364613,0.02630459768114255,-0.0641142114983147,0.0063720950596490725,-0.06307341443720693,60.20604870339643,-0.000515041020880711,0.07323190443891298,0.16461971981234555,0.11797874636836994,1.395333692547864,,,0.0322264219630149,0.006511985028520859,0.007816659348866785,0.024769050563921022,0.37557491225681766,0.0012069263738799603,0.059573927035303606,0.08865238354009745,0.1862565387097693,0.0999810055884832,0.06489337562932479
2026-02-03,83.04199981689453,16.053630828857422,4903.7001953125,6917.81005859375,18.0,97.44000244140625,67.33000183105469,3.72,4.09,1333.1256083504704,0.07323190443891298,0.006802844260622595,-0.37557491225681766,-0.0012069263738799603,0.059573927035303606,-294.3707230099244,-73.07585121036391,1.1297984326187844,0.05905437776175919,-0.008439495590663714,-0.0051964580687226,0.01541598653107164,-0.0017431244227656569,0.10159117698350828,59.050844224910676,-0.000306873597813486,0.005817242194719499,0.16740306719779582,0.11994251947246441,1.3956941035929054,,,0.03440989622638338,0.006816604822754329,0.007861710601542634,0.024851388038738605,0.006802844260622595,0.37557491225681766,0.0012069263738799603,0.059573927035303606,0.17998122607075903,0.10114997305539171,0.06542645857891825
2026-02-04,84.16500091552734,15.931839942932129,4920.39990234375,6882.72021484375,18.639999389648438,97.62000274658203,69.45999908447266,3.72,4.09,1340.9033233829177,0.005817242194719499,0.07323190443891298,0.006802844260622595,-0.37557491225681766,-0.0012069263738799603,-505.7072071736984,-148.05707043049188,1.071719756730736,0.0033997461243729043,-0.005085300155013826,-0.007615424853102741,0.031145104382869583,0.0018455895773753915,0.03555552164713549,58.461353874185015,-2.589051112978914e-05,-0.08646681091408928,0.15453153368538136,0.1187123844862431,1.3017305174532074,,,0.03404381778275,0.006775772925603634,0.007967679904130115,0.025393100923075854,0.07323190443891298,0.006802844260622595,0.37557491225681766,0.0012069263738799603,0.17725145415258917,0.09998566719727607,0.06541679275737294
2026-02-05,76.52899932861328,16.07012939453125,4861.39990234375,6798.39990234375,21.770000457763672,97.81999969482422,67.55000305175781,3.72,4.09,1229.8309216448106,-0.08646681091408928,0.005817242194719499,0.07323190443891298,0.006802844260622595,-0.37557491225681766,-460.11990098061506,-275.90274755997234,1.0221144817621184,-0.012063365980342067,-0.01232667785383289,0.008642612642436967,-0.027882924551317922,0.002046633396997335,0.1679185177362963,63.523630845727396,-0.00010425899933204838,0.013283375420730064,0.15443249888980864,0.1203879980075824,1.2827898249465202,,,0.03421794435428991,0.007109004138068447,0.008116752680344088,0.025968157175884077,0.005817242194719499,0.07323190443891298,0.006802844260622595,0.37557491225681766,0.05714868724994507,0.10127857516536087,0.06642421383852234
2026-02-06,76.73500061035156,16.241300582885742,4951.2001953125,6932.2998046875,20.3700008392334,97.62999725341797,68.05000305175781,3.72,4.09,1246.2762101406406,0.013283375420730064,-0.08646681091408928,0.005817242194719499,0.07323190443891298,0.006802844260622595,-547.4109307551043,-192.26751108074677,0.9643272022707235,0.018303568705588632,0.019504344282200718,0.0105951850319406,0.007374664359321896,-0.0019442568864246413,-0.06430866279706493,64.52336164632261,0.00019392969718054904,0.05169488603359214,0.1501189397197811,0.12024368660879221,1.2484558977984996,,,0.034255047350291994,0.00836898466704111,0.008493177753813735,0.02566364851988903,0.08646681091408928,0.005817242194719499,0.07323190443891298,0.006802844260622595,0.06135842721123693,0.10091111141460933,0.06637972170380171
2026-02-09,82.06500244140625,15.992159843444824,5050.89990234375,6964.81982421875,17.360000610351562,96.81999969482422,69.04000091552734,3.72,4.09,1312.3966365956585,0.05169488603359214,0.013283375420730064,-0.08646681091408928,0.005817242194719499,0.07323190443891298,-479.1269618640945,-229.83276774926344,0.9124321036019851,0.01993641500519393,0.004680117860123293,-0.015458824318895097,0.01444328609270671,-0.008331213745460569,-0.1477663281723809,61.547550747348744,-0.0003081935371138771,-0.02892059791102945,0.15437442655201764,0.11942160666123126,1.292684220787103,,,0.0343837445305393,0.008429017974540418,0.008986858477433014,0.024982789255925904,0.013283375420730064,0.08646681091408928,0.005817242194719499,0.07323190443891298,0.051956405724135575,0.1013519400376186,0.06660246630505381
2026-02-10,80.21800231933594,15.894000053405762,5003.7998046875,6941.81005859375,17.790000915527344,96.80000305175781,68.80000305175781,3.72,4.09,1274.984933147629,-0.02892059791102945,0.05169488603359214,0.013283375420730064,-0.08646681091408928,0.005817242194719499,44.39765434324363,-238.20875038710074,0.9168966672283143,-0.009368841148208894,-0.0033091822845107053,-0.0061569094829465034,-0.0034822707397552475,-0.0002065555506026158,0.02476960196184419,62.377517016294135,5.768310690962675e-05,0.04515352300818154,0.05232159218288177,0.11949874145402628,0.43784220273994273,,,0.034537375090003486,0.008341232238011538,0.008959661429967144,0.024756498306363083,0.05169488603359214,0.013283375420730064,0.08646681091408928,0.005817242194719499,0.05743482393187206,0.10076496505502569,0.06675543030208046
2026-02-11,83.75399780273438,15.92609977722168,5071.60009765625,6941.47021484375,17.649999618530273,96.83000183105469,69.4000015258789,3.72,4.09,1333.874525747553,0.04515352300818154,-0.02892059791102945,0.05169488603359214,0.013283375420730064,-0.08646681091408928,94.88721367248218,-226.95535029418534,0.9228468753878485,0.013458784179660236,-4.89572699497733e-05,0.0020175759897407375,0.008683100203244299,0.00030985672447881836,-0.007869662158076385,60.553528556348795,2.715411981198498e-05,-0.10670872447436933,0.0544967677584891,0.11995178799222427,0.45432226289133587,,,0.034294686334613494,0.008331776548005541,0.00899756310490964,0.024759726594210277,0.02892059791102945,0.05169488603359214,0.013283375420730064,0.08646681091408928,0.06515515696991463,0.10011076910974098,0.06678967174472612
2026-02-12,75.5459976196289,15.869400024414062,4923.7001953125,6832.759765625,20.81999969482422,96.93000030517578,67.5199966430664,3.72,4.09,1198.8696564693237,-0.10670872447436933,0.04515352300818154,-0.02892059791102945,0.05169488603359214,0.013283375420730064,-134.25595188114676,-428.62667489107116,0.9111605511386066,-0.02959604886955879,-0.01578494138611745,-0.0035665306891695227,-0.027463088929404262,0.0010321891194974397,0.17960340763780214,65.17486498891887,0.00010555521657144238,0.034985060210865976,0.06192946434609712,0.1214581209483265,0.5098832738606632,,,0.035069151871413594,0.008994048298031458,0.008951667246972581,0.025185309469663037,0.04515352300818154,0.02892059791102945,0.05169488603359214,0.013283375420730064,0.06737103881177639,0.10262398396448488,0.06830053739913924
2026-02-13,77.85099792480469,15.947830200195312,5022.0,6836.169921875,20.600000381469727,96.87999725341797,67.75,3.72,4.09,1241.5544958205428,0.034985060210865976,-0.10670872447436933,0.04515352300818154,-0.02892059791102945,0.05169488603359214,-99.34882756237494,-605.0560347360733,0.8993554718801792,0.01976794067778529,0.0004989646444475858,0.004930054192909977,0.0034006591897283015,-0.0005160007584456148,-0.010566729902939609,64.50784362264292,9.745701882371106e-05,-0.05763276890847491,0.06450416294534647,0.11517995441027555,0.5600294189697288,,,0.0352404668117583,0.008939952573167657,0.009050696558480419,0.024973682169795182,0.10670872447436933,0.04515352300818154,0.02892059791102945,0.05169488603359214,0.0637340144207023,0.10203592641498561,0.06813889046337825
2026-02-17,73.4469985961914,15.95740032196045,4882.89990234375,6843.22021484375,20.290000915527344,97.16000366210938,67.41999816894531,3.72,4.09,1172.0231590458934,-0.05763276890847491,0.034985060210865976,-0.10670872447436933,0.04515352300818154,-0.02892059791102945,-57.80776259891718,-517.9276635795322,0.8933835333753869,-0.028088975078812035,0.0010307906306565179,0.0005999092873193072,-0.004882777112820479,0.0028860709310192215,-0.015048517485525714,66.48195291396091,-1.6850837021059908e-05,0.05806365029555796,0.059617049396608106,0.114225231678137,0.5219253970488462,,,0.03591152352951608,0.008918604721825452,0.009054560027934172,0.022988469986962343,0.034985060210865976,0.10670872447436933,0.04515352300818154,0.02892059791102945,0.07281108829252203,0.10247091323576875,0.0685735238378752
2026-02-18,77.50900268554688,16.025100708007812,4986.5,6881.31005859375,19.6200008392334,97.69999694824219,70.3499984741211,3.72,4.09,1242.0895738131367,0.05806365029555796,-0.05763276890847491,0.034985060210865976,-0.10670872447436933,0.04515352300818154,-4.1866363275039475,-551.5975670826083,0.8932618657153494,0.020994975203204404,0.005550636821134019,0.004233595559142446,0.042541079223587054,0.005542385987225995,-0.03302119497595557,64.3344621557082,8.888423378459193e-05,0.0030719509923278093,0.06435528357460658,0.11413873439640612,0.5638338633675347,,,0.03606747057464264,0.009022370598333367,0.009115240123712254,0.02458246114689855,0.05763276890847491,0.034985060210865976,0.10670872447436933,0.04515352300818154,0.06779057891203426,0.10326080671122076,0.06854034792841515
2026-02-19,77.56500244140625,16.06279945373535,4975.89990234375,6861.89013671875,20.229999542236328,97.93000030517578,71.66000366210938,3.72,4.09,1245.9110788448015,0.0030719509923278093,0.05806365029555796,-0.05763276890847491,0.034985060210865976,-0.10670872447436933,-66.48555775085697,-545.6125196149515,0.8880032586548332,-0.0021280217137131566,-0.0028261153915347848,0.00234971829771535,0.01845000111018413,0.002351413036237314,0.031090656315525544,64.15135364822065,-5.0002515586473805e-06,0.06356893406819247,0.0602801823383999,0.11421664945837405,0.5277705362944379,,,0.035295503428143325,0.007748419714749295,0.009112790888419847,0.024718308075187507,0.05806365029555796,0.05763276890847491,0.034985060210865976,0.10670872447436933,0.049709669742431566,0.10180383244269922,0.06854045706053985
2026-02-20,82.28299713134766,16.13558006286621,5059.2998046875,6909.509765625,19.09000015258789,97.80000305175781,71.76000213623047,3.72,4.09,1327.6838880254509,0.06356893406819247,0.0030719509923278093,0.05806365029555796,-0.05763276890847491,0.034985060210865976,52.69895487782196,97.09660922106559,0.8919727049680104,0.016621856057854087,0.006915755702175204,0.00452076993793561,0.0013944845388772942,-0.00132833260412881,-0.056351923650237334,61.48657658411959,7.514358717903967e-05,0.03939234878512129,0.06475412023104268,0.05655881793501947,1.1448987548756555,,,0.03532585865511702,0.007480034145466338,0.009162703927396095,0.024728737723143615,0.0030719509923278093,0.05806365029555796,0.05763276890847491,0.034985060210865976,0.05007046378734471,0.10303237699929317,0.06892301682336363
2026-02-23,86.52300262451172,15.961400032043457,5204.7001953125,6837.75,21.010000228881836,97.69999694824219,71.48999786376953,3.72,4.09,1381.0282568633775,0.03939234878512129,0.06356893406819247,0.0030719509923278093,0.05806365029555796,-0.05763276890847491,47.153731115824485,142.04094478830666,0.8935425471649514,0.028334005840505903,-0.01043995947145646,-0.010853465973347565,-0.003769697622406644,-0.0010230804321085239,0.10057622110776498,60.15394793797902,-0.000307522168278562,0.013126133867375668,0.06420464563347143,0.05728588498691799,1.1207760104977593,,,0.03567129591053526,0.00772481912866554,0.009252563544064445,0.024258901088104072,0.06356893406819247,0.0030719509923278093,0.05806365029555796,0.05763276890847491,0.026759515400178714,0.10320021898205693,0.06904534813595677
2026-02-24,87.45700073242188,15.999580383300781,5155.7998046875,6890.06982421875,19.549999237060547,97.87999725341797,70.7699966430664,3.72,4.09,1399.275313300779,0.013126133867375668,0.03939234878512129,0.06356893406819247,0.0030719509923278093,0.05806365029555796,200.40565683145542,66.14970495030866,0.9117827706355346,-0.009439844361431814,0.007622488962383376,0.0023891863718164775,-0.010122415243954897,0.0018406827010329107,-0.06949076515545527,58.95239673793378,-2.255354750040151e-05,0.03602582406760074,0.04138843614180251,0.054168546437774905,0.7640676898972486,,,0.035675797697804185,0.007926403861657159,0.009110830666613095,0.023892301801311175,0.03939234878512129,0.06356893406819247,0.0030719509923278093,0.05806365029555796,0.0237480001512264,0.10272655750811303,0.06901315022995344
2026-02-25,90.93900299072266,15.951399803161621,5206.39990234375,6946.1298828125,17.93000030517578,97.69999694824219,70.8499984741211,3.72,4.09,1450.6043944059275,0.03602582406760074,0.013126133867375668,0.03939234878512129,0.06356893406819247,0.0030719509923278093,209.04989858538465,109.70107102300972,0.9316916261821625,0.009766362602618253,0.0081034339701294,-0.0030159085184660933,0.0011298099466601236,-0.001840682701032965,-0.082864398726613,57.25156127866161,-2.9454456167665073e-05,-0.051111324731647347,0.041444344233613595,0.054866868926323385,0.7553619341622374,,,0.03546676127592529,0.008055813189098282,0.00907218885270567,0.02383212667197857,0.013126133867375668,0.03939234878512129,0.06356893406819247,0.0030719509923278093,0.04368927791183452,0.09866903093926901,0.06908355989555912
2026-02-26,86.99800109863281,15.843179702758789,5176.5,6908.85986328125,18.6299991607666,97.79000091552734,70.75,3.72,4.09,1378.3249651864462,-0.051111324731647347,0.03602582406760074,0.013126133867375668,0.03939234878512129,0.06356893406819247,206.3018061405528,148.49404354163562,0.9531683929683539,-0.0057594670615880765,-0.005380026995566101,-0.006807482282234975,-0.001412408076589853,0.0009208038736310302,0.03904064939635021,59.50136709613837,3.9207469976876764e-05,0.06795660496955026,0.03937131601509214,0.050978311565698396,0.7723150258586395,,,0.03549858982875039,0.008079251361389757,0.009178105345920036,0.023086296076417254,0.03602582406760074,0.013126133867375668,0.03939234878512129,0.06356893406819247,0.04480788769803365,0.09753475014725593,0.06947692204125745
2026-02-27,92.68199920654297,15.9173002243042,5230.5,6878.8798828125,19.860000610351562,97.61000061035156,72.4800033569336,3.72,4.09,1475.247206759268,0.06795660496955026,-0.051111324731647347,0.03602582406760074,0.013126133867375668,0.03939234878512129,233.15763294613134,228.9709966186274,0.9770644568364697,0.010377723577647786,-0.004348795128037643,0.004667477083301023,0.024158171526684702,-0.0018423782465261309,0.06602262506673928,56.434906937470856,4.843778697550374e-05,-0.039716453652312,0.04097772390814229,0.053437278508951774,0.7668377778871679,,,0.034274012826185946,0.008122323283965201,0.008983475840966041,0.023489326061429942,0.051111324731647347,0.03602582406760074,0.013126133867375668,0.03939234878512129,0.050348495083215435,0.09784911319248384,0.06989683971119955
2026-03-02,88.28399658203125,16.059579849243164,5294.39990234375,6881.6201171875,21.440000534057617,98.37999725341797,77.73999786376953,3.72,4.09,1417.8038925194414,-0.039716453652312,0.06795660496955026,-0.051111324731647347,0.03602582406760074,0.013126133867375668,171.8928136746399,105.40725592378294,0.9965224777599438,0.012142763938335153,0.0003982754131349892,0.008898964724268845,0.07005918989487765,0.007857550009264892,0.07955689200142912,59.97009772234686,0.00010805802794236836,-0.06170540425321301,0.04740704989757288,0.05380362745668731,0.881112522305977,,,0.03437971998883963,0.008124339111540238,0.008897304634368317,0.026992709058579697,0.06795660496955026,0.051111324731647347,0.03602582406760074,0.013126133867375668,0.0579694879749333,0.09805036501391295,0.07008059512690827
2026-03-03,82.9229965209961,16.07469940185547,5107.39990234375,6816.6298828125,23.56999969482422,99.05000305175781,81.4000015258789,3.72,4.09,1332.962242576119,-0.06170540425321301,-0.039716453652312,0.06795660496955026,-0.051111324731647347,0.03602582406760074,5.278354550668155,57.977309428490116,0.99955392764446,-0.0359591903930027,-0.009488908731312503,0.0009410233607473892,0.046005393809026095,0.006787300505735298,0.09934697330735043,61.592080805359664,-3.383843819337863e-05,0.0214638571779955,0.05104750211072437,0.05608304206357093,0.9102127886155194,,,0.022437861797662526,0.00831880870300031,0.008896554813420735,0.0284329678998714,0.039716453652312,0.06795660496955026,0.051111324731647347,0.03602582406760074,0.05540639707429338,0.0535401287673076,0.07026129408404978
2026-03-04,82.63300323486328,16.481090545654297,5120.2001953125,6869.5,21.149999618530273,98.7699966430664,81.4000015258789,3.72,4.09,1361.8820083731262,0.0214638571779955,-0.06170540425321301,-0.039716453652312,0.06795660496955026,-0.051111324731647347,-19.14624849025131,28.007482625573175,1.001892882697183,0.0025030895869677847,0.00772612574014956,0.02496712595893276,0.0,-0.002830923022180618,-0.10267289383229639,61.96313815146757,6.249495300431766e-05,-0.02164984255297458,0.04919083682359496,0.055067276728133406,0.8932861718666355,,,0.021794730475178797,0.008421858177341805,0.008709678140038821,0.02345303832101752,0.06170540425321301,0.039716453652312,0.06795660496955026,0.051111324731647347,0.05173486600763061,0.05367658260098381,0.0702055572577698
2026-03-05,81.68699645996094,16.314889907836914,5065.2998046875,6830.7099609375,23.75,99.31999969482422,85.41000366210938,3.72,4.09,1332.7143541461264,-0.02164984255297458,0.0214638571779955,-0.06170540425321301,-0.039716453652312,0.06795660496955026,-66.56095915465266,133.84469767680275,0.999394851192736,-0.01078021153640931,-0.005662707772703004,-0.010135514066904725,0.048087941080941526,0.0055530766346594575,0.12293146233401209,62.008643042350904,0.00010926298567148516,0.04442496790963897,0.04916531616274521,0.04618852847379448,1.0644486366488084,,,0.018134049715342396,0.008315987830340757,0.00894888394701886,0.024886149308859892,0.0214638571779955,0.06170540425321301,0.039716453652312,0.06795660496955026,0.04368629069551186,0.05155347654016345,0.07026235962411649
2026-03-06,83.81600189208984,16.622779846191406,5146.10009765625,6740.02001953125,29.489999771118164,98.98999786376953,92.69000244140625,3.72,4.09,1393.2549470401718,0.04442496790963897,-0.02164984255297458,0.0214638571779955,-0.06170540425321301,-0.039716453652312,-57.34944736575562,151.70045121962903,0.9975142779381883,0.015825837818907902,-0.013365720432496335,0.018695852426198985,0.08179738539234233,-0.003328144215863656,0.24168420088918596,61.397584965716604,0.00029587752838326097,0.01135306110510898,0.05047435976268848,0.04668591522092029,1.08114748364343,,,0.01839843797521051,0.008725359732309144,0.00953879644480968,0.029015167846376973,0.02164984255297458,0.0214638571779955,0.06170540425321301,0.039716453652312,0.04132785046493809,0.05245241268024672,0.07043700450547674
2026-03-09,84.03199768066406,16.769359588623047,5091.5,6795.990234375,25.5,99.18000030517578,98.95999908447266,3.72,4.09,1409.1627860573935,0.01135306110510898,0.04442496790963897,-0.02164984255297458,0.0214638571779955,-0.06170540425321301,30.837820870947326,237.13962701150012,1.0059625267612546,-0.010666682586894306,0.008269871665388671,0.008779352650397162,0.06545510060552413,0.0019175707865264793,-0.1353000950181722,60.59001500057834,-9.364656804019578e-05,0.03176508619117624,0.04648475423490176,0.042666697468481604,1.0894856408617188,,,0.01834699577276307,0.008543939625395755,0.009543587542925109,0.029466079601603554,0.04442496790963897,0.02164984255297458,0.0214638571779955,0.06170540425321301,0.025073141466654292,0.048407147595001296,0.07035114515662252
2026-03-10,89.08300018310547,16.32908058166504,5229.7001953125,6781.47998046875,24.93000030517578,98.83000183105469,87.80000305175781,3.72,4.09,1454.6434884464106,0.03176508619117624,0.01135306110510898,0.04442496790963897,-0.02164984255297458,0.0214638571779955,-20.60371831285738,212.55391463327396,1.0134203338571044,0.02678146977213648,-0.002137402505887721,-0.026605784199832783,-0.1196541834336115,-0.0035351632225681076,-0.022352929208792838,58.70592800605193,-0.000712542005311808,-0.04905184516065999,0.0395760816075106,0.04108744301866411,0.9632159779213574,,,0.018806526825877315,0.007283863465185942,0.011185277835595187,0.04211824138207524,0.01135306110510898,0.04442496790963897,0.02164984255297458,0.0214638571779955,0.0385018276553202,0.048704083127953456,0.07038863064148465
2026-03-11,85.06500244140625,16.281810760498047,5167.39990234375,6775.7998046875,24.229999542236328,99.2300033569336,91.9800033569336,3.72,4.09,1385.012272092281,-0.04905184516065999,0.03176508619117624,0.01135306110510898,0.04442496790963897,-0.02164984255297458,-32.791620427160524,139.1011932474794,1.017557604365979,-0.01198431063117268,-0.0008379521856348736,-0.0028990225245275397,0.04650966320898771,0.004039200840566423,-0.028078650395929716,60.746485088307786,3.4742786460704456e-05,0.01325718315984782,0.04118316826399516,0.04413715526392327,0.9330725557126552,,,0.0186248705246545,0.007165480933977521,0.010624684608461417,0.04278218064407167,0.03176508619117624,0.01135306110510898,0.04442496790963897,0.02164984255297458,0.0359087259873431,0.04907928833692513,0.07068731674277061
2026-03-12,84.66999816894531,16.57607078552246,5115.7998046875,6672.6201171875,27.290000915527344,99.73999786376953,100.45999908447266,3.72,4.09,1403.4958830584947,0.01325718315984782,-0.04905184516065999,0.03176508619117624,0.01135306110510898,0.04442496790963897,70.53364048237563,75.81199503304379,1.0348951816931549,-0.010035890037833716,-0.015344808189494536,0.01791155596602056,0.08818843060042697,0.0051263569440097275,0.12628978254650813,60.42045488745314,-0.00017975840608148682,-0.03456744802728015,0.0322565940374521,0.04117487677765286,0.7834047497370766,,,0.018644151107806994,0.007787678004750021,0.01111724761071004,0.04553380181922823,0.04905184516065999,0.03176508619117624,0.01135306110510898,0.04442496790963897,0.03451887483044796,0.048586954097931276,0.07050370525303588
2026-03-13,80.91400146484375,16.756179809570312,5052.5,6632.18994140625,27.190000534057617,100.36000061035156,103.13999938964844,3.72,4.09,1355.8095576567575,-0.03456744802728015,0.01325718315984782,-0.04905184516065999,0.03176508619117624,0.01135306110510898,-6.072450716368621,-25.21869920661993,1.0455440579634245,-0.012450581437074204,-0.006077546398501344,0.010806997652898696,0.026327653496566496,0.006196948879858502,-0.0036643597696923713,62.442839416306164,-0.000134553404367685,-0.0012941867874078647,0.03500975603553785,0.04102434937841031,0.8533896714023762,,,0.01863950290064041,0.007827689404089858,0.011282137611140445,0.045515562201614145,0.01325718315984782,0.04905184516065999,0.03176508619117624,0.01135306110510898,0.033425958345560114,0.04837168044104176,0.07067967302335755
2026-03-16,80.26300048828125,16.8702392578125,4994.0,6699.3798828125,23.510000228881836,99.70999908447266,100.20999908447266,3.72,4.09,1354.0560217872262,-0.0012941867874078647,-0.03456744802728015,0.01325718315984782,-0.04905184516065999,0.03176508619117624,21.341667641099775,-45.21929151355289,1.0446039240655336,-0.011645978438057513,0.010079909746818997,0.006783944817282146,-0.028819307770963223,-0.00649776392104277,-0.13534388499059757,62.220449891219126,-7.900567506703989e-05,-0.021168839454598493,0.03379806309929005,0.04081433062190979,0.8280930394861531,,,0.01760600944899691,0.0076102313883217474,0.011233540088013272,0.045585494633008754,0.03456744802728015,0.01325718315984782,0.04905184516065999,0.03176508619117624,0.025016186663341326,0.041664377107608945,0.07043075064911843
2026-03-17,79.52999877929688,16.669099807739258,5001.0,6716.08984375,22.3700008392334,99.58000183105469,103.41999816894531,3.72,4.09,1325.693487361481,-0.021168839454598493,-0.0012941867874078647,-0.03456744802728015,0.01325718315984782,-0.04905184516065999,-67.56145967869088,-124.9109070444465,1.0351270347124266,0.0014007005791852262,0.002491149384952951,-0.011994384331140149,0.03153037432889072,-0.0013046040569885684,-0.048489977820074914,62.88193231183417,-1.680054107959821e-05,-0.029032796757081196,0.02890064304992817,0.03951992619961362,0.7312929407801051,,,0.0170577788093808,0.007641402424254904,0.011679782974619086,0.04552354927191404,0.0012941867874078647,0.03456744802728015,0.01325718315984782,0.04905184516065999,0.020020077754595276,0.041499037746390764,0.07022726260702704
2026-03-18,77.23799896240234,16.67259979248047,4889.89990234375,6624.7001953125,25.09000015258789,100.08999633789062,107.37999725341797,3.72,4.09,1287.758245472156,-0.029032796757081196,-0.021168839454598493,-0.0012941867874078647,-0.03456744802728015,0.01325718315984782,-121.40454058523756,-90.56671971429023,1.0233126660333223,-0.022466059027850406,-0.013700999383730839,0.0002099463912177901,0.037575570153229904,0.005108385040950413,0.12159138181989015,63.30951044865933,-4.716668017783046e-06,-0.06824255187899844,0.02863253387019568,0.038011581108758186,0.7532581659329742,,,0.016637049127952084,0.008121813712496337,0.011682607519537728,0.045298868676842886,0.021168839454598493,0.0012941867874078647,0.03456744802728015,0.01325718315984782,0.02440591590377853,0.0398416963997448,0.07029168617560476
2026-03-19,70.9020004272461,16.964399337768555,4600.7001953125,6606.490234375,24.059999465942383,99.2300033569336,108.6500015258789,3.72,4.09,1202.8098490944394,-0.06824255187899844,-0.029032796757081196,-0.021168839454598493,-0.0012941867874078647,-0.03456744802728015,-251.83363935197121,-272.4373576648286,0.9998204572569307,-0.0609633251253208,-0.002752582623899739,0.01735035068198052,0.011757801330152412,-0.008629322886787194,-0.041052239154301895,64.88815784588994,-0.00105773506966391,-0.03633821329075124,0.0275798523847866,0.03527360912226133,0.7818834837453827,,,0.0206190240099015,0.007959578419242832,0.012144575692875073,0.045104132238205114,0.029032796757081196,0.021168839454598493,0.0012941867874078647,0.03456744802728015,0.024485859838231813,0.040869303103851645,0.07085143598870801
2026-03-20,69.36000061035156,16.722700119018555,4570.39990234375,6506.47998046875,26.780000686645508,99.6500015258789,112.19000244140625,3.72,4.09,1159.886490461853,-0.03633821329075124,-0.06824255187899844,-0.029032796757081196,-0.021168839454598493,-0.0012941867874078647,-225.1257816304278,-257.91740205758833,0.9773679172124191,-0.006607801222592188,-0.015253934307770224,-0.0143499066519991,0.03206216357180363,0.004223640215210761,0.11305075981208423,65.89388497873867,9.482133071916342e-05,0.016527153242571355,0.026285973613381537,0.035099575595646575,0.7488971922680969,,,0.0206236587203652,0.008474075398935008,0.012703396691336456,0.04516798310496811,0.06824255187899844,0.029032796757081196,0.021168839454598493,0.0012941867874078647,0.03049089515835176,0.0415466332204061,0.07072310422490542
2026-03-23,69.04900360107422,17.07794952392578,4404.10009765625,6581.0,26.149999618530273,98.94999694824219,99.94000244140625,3.72,4.09,1179.215398176515,0.016527153242571355,-0.03633821329075124,-0.06824255187899844,-0.029032796757081196,-0.021168839454598493,-224.28048488197965,-153.74684439960402,0.9548582831590784,-0.037064759654085296,0.0113881090950741,0.021021044870976866,-0.11562385397344825,-0.007049420764024754,-0.023525057952272554,63.782239684451206,-0.0007791399758205,-0.011180040693560538,0.02710261149479284,0.033152534561076606,0.8175125025467345,,,0.021251272830674867,0.008774284034926454,0.013365514457039365,0.054089507305331914,0.03633821329075124,0.06824255187899844,0.029032796757081196,0.021168839454598493,0.03133727260258287,0.038941418288768674,0.07068371146169718
2026-03-24,69.27400207519531,16.833229064941406,4399.2998046875,6556.3701171875,26.950000762939453,99.43000030517578,104.48999786376953,3.72,4.09,1166.105145176989,-0.011180040693560538,0.016527153242571355,-0.03633821329075124,-0.06824255187899844,-0.029032796757081196,-189.7044124797685,-195.77686319613713,0.9378737274520573,-0.001090554444362892,-0.0037495954593205535,-0.014433276429165172,0.04452132225688777,0.004839240854073393,0.03059277843515873,63.50578388573772,1.574027375654425e-05,0.047921015786635456,0.02714996848614768,0.03199138740923604,0.8486649278083319,,,0.019749448268049936,0.008584097573449929,0.01356835091862636,0.05424341034862317,0.016527153242571355,0.03633821329075124,0.06824255187899844,0.029032796757081196,0.045126151371971124,0.03755593521303424,0.07059583295903794
2026-03-25,72.36100006103516,16.906160354614258,4549.7998046875,6591.89990234375,25.329999923706055,99.5999984741211,102.22000122070312,3.72,4.09,1223.3466704521124,0.047921015786635456,-0.011180040693560538,0.016527153242571355,-0.03633821329075124,-0.06824255187899844,-130.70935133511375,-109.36768369401398,0.9249480990054866,0.03363784006254085,0.005404493759949214,0.00432322010086154,-0.02196398731961208,0.001708267209248284,-0.06011134669284157,62.8764085743678,0.0001454237863079422,-0.06279010718632805,0.03761855613550313,0.03544149043149404,1.0614270358696456,,,0.02173081162698597,0.008472691511097103,0.013573892460157354,0.05461147034530249,0.011180040693560538,0.016527153242571355,0.03633821329075124,0.06824255187899844,0.04340793625369923,0.0392657619317426,0.07081676067171257
2026-03-26,67.6709976196289,16.977649688720703,4375.5,6477.16015625,27.440000534057617,99.9000015258789,108.01000213623047,3.72,4.09,1148.8944916723121,-0.06279010718632805,0.047921015786635456,-0.011180040693560538,0.016527153242571355,-0.03633821329075124,-176.7989956891688,-244.3604553678597,0.9100621326557032,-0.03906243403134702,-0.017559440961209507,0.004219681322231198,0.055096469926409014,0.0030075516580878097,0.08330045861456314,64.65842316370441,-0.00016483102328296333,0.03319495419915713,0.04189421239005705,0.035263541482270705,1.1880319057324409,,,0.02256107592862224,0.0087718639831587,0.013515264974748377,0.05506999707506391,0.047921015786635456,0.011180040693560538,0.016527153242571355,0.03633821329075124,0.04366630408742193,0.03984422883160246,0.07113904329442143
2026-03-27,69.54499816894531,17.077749252319336,4492.0,6368.85009765625,31.049999237060547,100.1500015258789,112.56999969482422,3.72,4.09,1187.6720404822554,0.03319495419915713,-0.06279010718632805,0.047921015786635456,-0.011180040693560538,0.016527153242571355,-100.08620498990058,-221.49074557513813,0.8994328508622809,0.026277237882447974,-0.01686323194605131,0.005878648025590449,0.041351412447262884,0.0024993764191914153,0.13155971693667867,64.59127353900574,0.00015447463259562333,0.015792272462306012,0.04615449619330436,0.03690568350955532,1.2506067305691388,,,0.023789684268208603,0.00925096903891232,0.01333879279421018,0.05502619551113857,0.06279010718632805,0.047921015786635456,0.011180040693560538,0.016527153242571355,0.043617898395403434,0.03985886157572796,0.07126072781557291
2026-03-30,70.3239974975586,17.157400131225586,4526.0,6343.72021484375,30.610000610351562,100.51000213623047,112.77999877929688,3.72,4.09,1206.5769638929196,0.015792272462306012,0.03319495419915713,-0.06279010718632805,0.047921015786635456,-0.011180040693560538,3.767114798480179,-248.06652455349104,0.9006422913390688,0.007540510335148854,-0.003953553833355896,0.004653172196251274,0.0018637598995549294,0.003588168942795709,-0.014170648551379394,64.35925375483848,3.508729303706002e-05,0.0621820184978955,0.03938597701226886,0.03566763265194488,1.104249822145716,,,0.02369539626304778,0.009250360035309279,0.013338734482956227,0.055199605880908956,0.03319495419915713,0.06279010718632805,0.047921015786635456,0.011180040693560538,0.04899536118334792,0.03642573652224327,0.07070329249765255
2026-03-31,74.69000244140625,17.19087028503418,4647.60009765625,6528.52001953125,25.25,99.95999908447266,118.3499984741211,3.72,4.09,1283.986143559101,0.0621820184978955,0.015792272462306012,0.03319495419915713,-0.06279010718632805,0.047921015786635456,124.09965309724794,-101.02612853317987,0.9115616051001304,0.026512431127413087,0.028714893309798716,0.0019488704378151673,0.04820731551177678,-0.005487149482743471,-0.17510619090085677,62.2251967564502,5.166929325882601e-05,-0.003491163575074426,0.04159134901202485,0.03930765020469443,1.0580980749405795,,,0.0244673762333818,0.011653334275730867,0.013286086412975436,0.054430218411235375,0.015792272462306012,0.03319495419915713,0.06279010718632805,0.047921015786635456,0.04682334891042229,0.03891172571895042,0.0702318678350867
2026-04-01,75.86699676513672,16.865190505981445,4783.2001953125,6575.31982421875,24.540000915527344,99.6500015258789,101.16000366210938,3.64,4.33,1279.5113535607088,-0.003491163575074426,0.0621820184978955,0.015792272462306012,0.03319495419915713,-0.06279010718632805,100.2959553841938,-123.98452949778584,0.9215774050904206,0.02875884107881785,0.0071429450037592815,-0.019126681127824945,-0.15694286506413338,-0.0031060348366285786,-0.028118775622679504,63.04717992357029,-0.0005500611829203421,-0.04498847866173036,0.04211533610657529,0.03894905026210228,1.0812930180111175,,,0.024607641618498998,0.011720171869739891,0.01415321704158866,0.06630591234586626,0.0621820184978955,0.015792272462306012,0.03319495419915713,0.06279010718632805,0.04021212022129584,0.03665743777122578,0.06902155018201736
2026-04-02,72.73500061035156,16.81753921508789,4651.5,6582.68994140625,23.8700008392334,100.02999877929688,109.02999877929688,3.64,4.33,1223.223725074029,-0.04498847866173036,-0.003491163575074426,0.0621820184978955,0.015792272462306012,0.03319495419915713,57.118579897040036,-132.58583258272847,0.9283061449311398,-0.02792007119110018,0.0011202481362370179,-0.0028294216696822375,0.07491960451933655,0.003806066822533115,-0.027302365578560805,63.951329634525415,7.899765444716961e-05,0.007965008782412812,0.04684440757264416,0.03961835234932857,1.182391613856149,,,0.025149447849499164,0.011541354762630214,0.013193199419741992,0.06772165981394755,0.003491163575074426,0.0621820184978955,0.015792272462306012,0.03319495419915713,0.03851930329787441,0.03739607634568342,0.06799446611894745
2026-04-06,72.66100311279297,16.969289779663086,4656.7998046875,6611.830078125,24.170000076293945,99.9800033569336,109.7699966430664,3.64,4.33,1233.0056175019854,0.007965008782412812,-0.04498847866173036,-0.003491163575074426,0.0621820184978955,0.015792272462306012,9.65894704987295,-121.0504042852408,0.9315880992989423,0.0011387268075569185,0.004417013131605809,0.008982884130463864,0.006764174595442894,-0.0004999292322441652,0.012568044680059565,64.08939603350461,1.0229050968536822e-05,-0.01796857327366277,0.04330369280472596,0.03980408238672532,1.087920891731642,,,0.025136816545003122,0.01159224701429941,0.013047935645642559,0.06727801301010479,0.04498847866173036,0.003491163575074426,0.0621820184978955,0.015792272462306012,0.03964318859706734,0.03729956262050395,0.06799934553307589
2026-04-07,71.82599639892578,16.86086082458496,4657.10009765625,6616.85009765625,25.780000686645508,99.63999938964844,109.2699966430664,3.64,4.33,1211.0481288694282,-0.01796857327366277,0.007965008782412812,-0.04498847866173036,-0.003491163575074426,0.0621820184978955,62.15363719711604,-114.64535849205276,0.9424165514411299,6.448275631096513e-05,0.0007589600331270599,-0.006410218366051108,-0.004565384256506746,-0.003406515293062941,0.06661152690399286,64.83864242955217,-4.133485487981467e-07,0.021346436933285834,0.034746273621024025,0.03972363941193646,0.8747001567681938,,,0.024747414194372118,0.011277960686747109,0.012570892183160473,0.06540846258252585,0.007965008782412812,0.04498847866173036,0.003491163575074426,0.0621820184978955,0.025506395577327957,0.03572602290670898,0.06740346865272595
2026-04-08,75.2239990234375,16.44658088684082,4749.5,6782.81005859375,21.040000915527344,99.12999725341797,94.75,3.64,4.33,1237.1775845705997,0.021346436933285834,-0.01796857327366277,0.007965008782412812,-0.04498847866173036,-0.003491163575074426,49.50554408834432,-50.58066090155626,0.9517591507372459,0.01964639155775591,0.024772038357183543,-0.02487740169822498,-0.14258000889866096,-0.005131591930476323,-0.18386344627110762,63.13809504490982,-0.0004887511747029099,0.012175259431647207,0.033555647275711635,0.03980338458985414,0.8430350238171693,,,0.025263994551025137,0.012460196103076639,0.013590432119871033,0.07169713111494333,0.01796857327366277,0.007965008782412812,0.04498847866173036,0.003491163575074426,0.027027700403598243,0.036043301029079246,0.06718370581064735
2026-04-09,76.2770004272461,16.41822052001953,4792.2001953125,6824.66015625,19.489999771118164,98.81999969482422,95.91999816894531,3.64,4.33,1252.3326136201504,0.012175259431647207,0.021346436933285834,-0.01796857327366277,0.007965008782412812,-0.04498847866173036,45.755649727230775,49.522764525710954,0.9616607653737482,0.00895028757749345,0.006151066869514015,-0.0017258813470292672,0.012272647667328674,-0.0031320820085302577,-0.07366925270736524,62.82628011681395,-1.5447134380543713e-05,-0.0018405183025512434,0.033404250481580335,0.035176063627293766,0.9496301472362971,,,0.024489821048965448,0.012523294125039938,0.012259046733408756,0.06646822456377782,0.021346436933285834,0.01796857327366277,0.007965008782412812,0.04498847866173036,0.014996849868919613,0.03525655104960342,0.06698285218595633
2026-04-10,76.3239974975586,16.377939224243164,4761.89990234375,6816.89013671875,19.229999542236328,98.6500015258789,95.19999694824219,3.64,4.33,1250.029792366302,-0.0018405183025512434,0.012175259431647207,0.021346436933285834,-0.01796857327366277,0.007965008782412812,-33.95635119279905,90.14330190444889,0.9610889007786386,-0.006342909169258469,-0.0011391696991393636,-0.0024564654121698834,-0.007534581888824875,-0.001721762393179433,-0.013340186348648642,62.390598743155074,1.558113698681864e-05,-0.00023348507693021268,0.022087462494742627,0.033379742458096634,0.6617026036815651,,,0.024430573855992843,0.012524837767482656,0.012253725229416227,0.06579145367972897,0.012175259431647207,0.021346436933285834,0.01796857327366277,0.007965008782412812,0.014948926606347104,0.03393006776206711,0.06689967721231091
2026-04-13,75.52300262451172,16.547779083251953,4742.39990234375,6886.240234375,19.1200008392334,98.37000274658203,99.36000061035156,3.64,4.33,1249.7379631342774,-0.00023348507693021268,-0.0018405183025512434,0.012175259431647207,0.021346436933285834,-0.01796857327366277,-29.773390426431433,70.52256495776237,0.9634035448389097,-0.004103411668917365,0.010121875493741075,0.010316638428406478,0.04276971458695883,-0.0028423404906282247,-0.005720161498773413,62.79411222461855,-4.233341451112444e-05,0.03978746969574276,0.022130042249317746,0.033248184996193905,0.6656015133412873,,,0.024390238863290652,0.012163209173376106,0.011811426708765081,0.06351100824590365,0.0018405183025512434,0.012175259431647207,0.021346436933285834,0.01796857327366277,0.01714280023234371,0.03369634765972449,0.0664866147339032
2026-04-14,79.39099884033203,16.38050079345703,4825.0,6967.3798828125,18.360000610351562,98.12000274658203,94.79000091552734,3.64,4.33,1300.464319497405,0.03978746969574276,-0.00023348507693021268,-0.0018405183025512434,0.012175259431647207,0.021346436933285834,77.24059442337602,134.35917432041606,0.9749706060729364,0.017267418703531354,0.011713988916143619,-0.010160247024072025,-0.04708569620456788,-0.0025446600632382803,-0.039748964201003045,60.77515172348247,-0.00017544123949596007,-0.002497877588023017,0.01844400333153987,0.03421687125973525,0.5390324320284617,,,0.02471161182440764,0.012228419367562445,0.011730920151021857,0.06397783125275415,0.00023348507693021268,0.0018405183025512434,0.012175259431647207,0.021346436933285834,0.01797068866587165,0.03439143453316792,0.0661140720038696
2026-04-15,79.49099731445312,16.319080352783203,4800.0,7022.9501953125,18.170000076293945,98.05999755859375,94.93000030517578,3.64,4.33,1297.2199724974344,-0.002497877588023017,0.03978746969574276,-0.00023348507693021268,-0.0018405183025512434,0.012175259431647207,64.21435499544896,73.8733020453219,0.9830541978329204,-0.005194816877104023,0.00794414491156507,-0.00375665441290385,0.0014758529850220292,-0.0006117360563381438,-0.010348612622076536,60.3841964771432,1.9515131745600224e-05,-0.009302782144229273,0.01893538234013006,0.032265765058470085,0.5868567599688554,,,0.024628192624000213,0.012169636855394477,0.011602427460755328,0.06373176666356496,0.03978746969574276,0.00023348507693021268,0.0018405183025512434,0.012175259431647207,0.01965306087323575,0.034391229322879156,0.06610215229381486
2026-04-16,78.60600280761719,16.350000381469727,4785.39990234375,7041.27978515625,17.940000534057617,98.22000122070312,99.38999938964844,3.64,4.33,1285.2081758903514,-0.009302782144229273,-0.002497877588023017,0.03978746969574276,-0.00023348507693021268,-0.0018405183025512434,74.16004702092323,136.31368421803927,0.9933262205204971,-0.003046322343529432,0.002606555815286028,0.001892923658958021,0.045911717730486065,0.0016303617133312145,-0.012658202601573132,60.87830103835312,-5.766455636879306e-06,0.04208163644299331,0.0172169299661967,0.02634915008388225,0.653415002434112,,,0.02461762905107826,0.01216977909684238,0.011372757575135825,0.06419220007924,0.002497877588023017,0.03978746969574276,0.00023348507693021268,0.0018405183025512434,0.024856378301548084,0.0341579493462151,0.06568307485292066
2026-04-17,81.73799896240234,16.39929962158203,4857.60009765625,7126.06005859375,17.479999542236328,98.0999984741211,90.37999725341797,3.64,4.33,1340.4459354529972,0.04208163644299331,-0.009302782144229273,-0.002497877588023017,0.03978746969574276,-0.00023348507693021268,103.2683508823975,152.77389497074182,1.0046851962995795,0.014974913312609497,0.011968553928737802,0.0030107072423858983,-0.09502852524507334,-0.0012225220223565552,-0.02564108016318145,59.42890894467135,4.5085079964374416e-05,-0.02100811079767899,0.02113527163278795,0.027098947594860152,0.7799296101372095,,,0.024423823226947087,0.011769932573580368,0.011403058322048737,0.06659278516108669,0.009302782144229273,0.002497877588023017,0.03978746969574276,0.00023348507693021268,0.029183237619631174,0.034808409447948926,0.06590058640779016
2026-04-20,79.95099639892578,16.417299270629883,4806.60009765625,7109.14013671875,18.8700008392334,98.05000305175781,95.4800033569336,3.64,4.33,1312.5794348662166,-0.02100811079767899,0.04208163644299331,-0.009302782144229273,-0.002497877588023017,0.03978746969574276,60.24682124606625,106.00247097329702,1.0135647749650862,-0.010554515098820284,-0.0023771959102520377,0.001096984541999528,0.054893863035263606,-0.0005097672501352728,0.07951952708227816,60.1193270146766,-1.1578139911706473e-05,-0.04915028749569462,0.024413394015529312,0.028117827335261147,0.8682532161691493,,,0.020293038246672147,0.011760284286813033,0.010636257581923984,0.0678920160395837,0.04208163644299331,0.009302782144229273,0.002497877588023017,0.03978746969574276,0.033176403525582446,0.03140873419063328,0.06570926247562908
2026-04-21,76.41100311279297,16.354000091552734,4698.39990234375,7064.009765625,19.5,98.41000366210938,98.4800033569336,3.64,4.33,1249.6255519022525,-0.04915028749569462,-0.02100811079767899,0.04208163644299331,-0.009302782144229273,-0.002497877588023017,-0.40424046404950786,-34.360591656848555,1.0177693288042022,-0.022767989342933774,-0.00636845358085314,-0.0038630911211579313,0.03093667933453409,0.0036648783568095536,0.03338628154465928,61.48852535554698,8.795481747730586e-05,0.02605507741525337,0.03241352359113948,0.02671938905281288,1.2131087101981155,,,0.020935392411497396,0.01119854310115643,0.010244770744276958,0.06786077729550155,0.02100811079767899,0.04208163644299331,0.009302782144229273,0.002497877588023017,0.036632348109265495,0.032345173236319545,0.06534035854920597
2026-04-22,77.89299774169922,16.466339111328125,4732.5,7137.89990234375,18.920000076293945,98.58999633789062,101.91000366210938,3.64,4.33,1282.6125152127352,0.02605507741525337,-0.04915028749569462,-0.02100811079767899,0.04208163644299331,-0.009302782144229273,32.87455207845778,3.1011616520263487,1.0261121040411962,0.007231599660169754,0.010405756011537825,0.006845721965338836,0.03423659081167888,0.001827337318442917,-0.029743585831079722,60.75642403304892,4.950552063816094e-05,-0.031912501771162526,0.03387805096488155,0.027734803896184046,1.2214995675358908,,,0.019018872465226704,0.011167774805225003,0.009122552346612866,0.06351999980507074,0.04915028749569462,0.02100811079767899,0.04208163644299331,0.009302782144229273,0.039034999153419535,0.03260213129896179,0.06541268738978606
2026-04-23,75.46499633789062,16.462299346923828,4705.10009765625,7108.39990234375,19.309999465942383,98.80000305175781,105.06999969482422,3.64,4.33,1242.327359928866,-0.031912501771162526,0.02605507741525337,-0.04915028749569462,-0.02100811079767899,0.04208163644299331,-58.13695956853917,19.103634854836855,1.0233890023326853,-0.00580655654933497,-0.004141432170939999,-0.0002453648018083864,0.030536685020842398,0.0021278361999452116,0.02061307547969271,62.34811271426301,1.4247245969167628e-06,0.021988509292733327,0.03193535320572972,0.026278919789386113,1.2152460398554206,,,0.019102511907282557,0.01118145777422704,0.008648276103371879,0.06311213585704016,0.02605507741525337,0.04915028749569462,0.02100811079767899,0.04208163644299331,0.03336941238551212,0.03338928219117082,0.06537133955600911
2026-04-24,76.38300323486328,16.626039505004883,4722.2998046875,7165.080078125,18.709999084472656,98.51000213623047,105.33000183105469,3.64,4.33,1269.9468292937527,0.021988509292733327,-0.031912501771162526,0.02605507741525337,-0.04915028749569462,-0.02100811079767899,-27.273143203681684,36.94121179176727,1.0239152955312387,0.003648880135128687,0.007942067917632457,0.009897232702543404,0.0024715044362468353,-0.0029395480890536487,-0.03107200404267052,61.823960890452575,3.611381580105664e-05,-0.020619769189975004,0.033741090571379244,0.026822094414236886,1.2579588323822255,,,0.01778909459348972,0.011212770172731956,0.008903560077505075,0.06290676053281896,0.031912501771162526,0.02605507741525337,0.04915028749569462,0.02100811079767899,0.03334016779212589,0.03210008499251478,0.06519644298242325
2026-04-27,75.00299835205078,16.586389541625977,4675.39990234375,7173.91015625,18.020000457763672,98.4800033569336,108.2300033569336,3.64,4.33,1244.0289474570454,-0.020619769189975004,0.021988509292733327,-0.031912501771162526,0.02605507741525337,-0.04915028749569462,-41.17922843330598,32.98081858761725,1.0222606068632962,-0.00998122799658474,0.0012316180005498539,-0.0023876592802048384,0.027160327091287843,-0.0003045715893419883,-0.03687860291140321,62.33617328734315,2.3831771653885903e-05,-0.02780300522288508,0.03435694658979707,0.026983621097002947,1.273251891074511,,,0.015426358861437785,0.010103657954328809,0.008833940561010447,0.062003971547217644,0.021988509292733327,0.031912501771162526,0.02605507741525337,0.04915028749569462,0.02815315572166874,0.02903106802056449,0.0630549153040691
2026-04-28,73.20500183105469,16.527799606323242,4591.5,7138.7998046875,17.829999923706055,98.62000274658203,111.26000213623047,3.64,4.33,1209.917600444198,-0.02780300522288508,-0.020619769189975004,0.021988509292733327,-0.031912501771162526,0.02605507741525337,-130.52833500879933,-27.259984126401832,1.0112259586202625,-0.01810793161911003,-0.0049061878687959495,-0.0035386641164758866,0.027611200523773624,0.0014205926824692504,-0.010543869546671303,62.721124037349796,6.407788784414378e-05,-0.02258591691755677,0.028096889901096395,0.02745479019312704,1.0233875292235923,,,0.015138160697139568,0.009105563659720236,0.00869942365026623,0.06161816346629044,0.020619769189975004,0.021988509292733327,0.031912501771162526,0.02605507741525337,0.021795573360139337,0.028993226330654764,0.06223332790980815
2026-04-29,71.56900024414062,16.528060913085938,4545.2001953125,7135.9501953125,18.809999465942383,98.91999816894531,118.02999877929688,3.64,4.33,1182.8967955238186,-0.02258591691755677,-0.02780300522288508,-0.020619769189975004,0.021988509292733327,-0.031912501771162526,-129.68263934239803,-69.43581809633179,1.0001671539360166,-0.010134994038567446,-0.00039925174351248426,1.581001121112282e-05,0.05906899525117259,0.0030373154966233475,0.054963519149170637,63.507945895675924,-1.6023436937441426e-07,0.043746165725207814,0.02816278258867603,0.027684884145945197,1.0172620712520057,,,0.01524982038653581,0.008954107728038724,0.008592051985181488,0.06297998732851627,0.02780300522288508,0.020619769189975004,0.021988509292733327,0.031912501771162526,0.03201548114131443,0.029215202706519297,0.061710508533464305
2026-04-30,73.53399658203125,16.80573081970215,4614.7001953125,7209.009765625,16.889999389648438,98.08000183105469,114.01000213623047,3.64,4.33,1235.792552654515,0.043746165725207814,-0.02258591691755677,-0.02780300522288508,-0.020619769189975004,0.021988509292733327,-13.832999247737462,-14.23723971178697,0.9999703741092255,0.015175128715866765,0.010186184168105012,0.01666035064272883,-0.034652636515816855,-0.008527933285862791,-0.10207337218538048,62.75600959842494,0.00025282296545488356,0.024027234998521864,0.03105130358841554,0.030505060839296903,1.0179066271002142,,,0.01445158481643766,0.007328194484916459,0.009466491118800692,0.06254540463712409,0.02258591691755677,0.02780300522288508,0.020619769189975004,0.021988509292733327,0.032393082749824546,0.027446947430023044,0.06203301467062366
2026-05-01,75.95099639892578,16.66659927368164,4629.89990234375,7230.1201171875,16.989999771118164,98.20999908447266,108.16999816894531,3.63,4.39,1265.8448214177333,0.024027234998521864,0.043746165725207814,-0.02258591691755677,-0.02780300522288508,-0.020619769189975004,-16.767693795001833,16.10685828345595,0.9963452127628881,0.0032883457515008366,0.00292404968652147,-0.008313275288545165,-0.05258213586821509,0.001324542990650584,0.00592068591376127,60.95904098513227,-2.7336923476144388e-05,-0.04402095533455547,0.030758480854737556,0.031221511305267964,0.9851695055372838,,,0.01286969868719225,0.007316312167837001,0.00869866778826366,0.05302125564334613,0.043746165725207814,0.02258591691755677,0.02780300522288508,0.020619769189975004,0.03731658448191898,0.028014301571074294,0.0402169439084968
2026-05-04,73.0719985961914,16.57720947265625,4519.5,7200.75,18.290000915527344,98.47000122070312,114.44000244140625,3.63,4.39,1211.3298273147084,-0.04402095533455547,0.024027234998521864,0.043746165725207814,-0.02258591691755677,-0.02780300522288508,-30.997532614157535,-89.1344921826967,0.9914044855992518,-0.024133880243911433,-0.004070462487840939,-0.005377844466968705,0.05634664280078041,0.002643911808868412,0.07651566579883617,61.84995739579458,0.00012978825433620443,0.013128109164946812,0.03298856203635693,0.03122941619842569,1.0563297701998005,,,0.012503119826030374,0.007521732945515541,0.008749479596628269,0.05190816689839257,0.024027234998521864,0.043746165725207814,0.02258591691755677,0.02780300522288508,0.03560366240332517,0.02793818898117368,0.04059538784639029
2026-05-05,73.10800170898438,16.788000106811523,4555.7998046875,7259.22021484375,17.3799991607666,98.4800033569336,109.87000274658203,3.63,4.39,1227.3371404992067,0.013128109164946812,-0.04402095533455547,0.024027234998521864,0.043746165725207814,-0.02258591691755677,-42.609688794545946,-69.88283199822763,0.9852313505695929,0.007999735337601302,0.008087227380575185,0.012635523127926864,-0.04075281580415332,0.00010157030725159178,-0.04975405736520189,62.316021477682234,0.00010108084087555507,0.036715331920648145,0.03199776674511601,0.03160545063110122,1.012412925814408,,,0.012660625489105426,0.007567735532427567,0.008984441708840267,0.05273321160536857,0.04402095533455547,0.024027234998521864,0.043746165725207814,0.02258591691755677,0.03487825788721071,0.028038624406821637,0.03953033157562632
2026-05-06,76.81099700927734,16.576229095458984,4681.89990234375,7365.1201171875,17.389999389648438,98.0199966430664,101.2699966430664,3.63,4.39,1273.2366834763961,0.036715331920648145,0.013128109164946812,-0.04402095533455547,0.024027234998521864,0.043746165725207814,29.207736019350705,-11.971492413955275,0.9857558841718619,0.027302885994594444,0.014482944327746904,-0.012694664938845667,-0.08150768951541926,-0.0046820107296972075,0.0005753871901450491,60.953510364905995,-0.0003466009895648785,0.02621542061129455,0.03453364431374935,0.033351297050853546,1.0354513127658267,,,0.014094014126482094,0.007821538951407478,0.009290205004623683,0.05566114238944759,0.013128109164946812,0.04402095533455547,0.024027234998521864,0.043746165725207814,0.03199259149082689,0.02883577320029675,0.03981089210251074
2026-05-07,79.70099639892578,16.399499893188477,4699.7998046875,7337.10986328125,17.079999923706055,98.25,100.05999755859375,3.63,4.39,1307.0564819311985,0.02621542061129455,0.036715331920648145,0.013128109164946812,-0.04402095533455547,0.024027234998521864,97.13888148700062,-33.389453521798714,0.9946567522357671,0.0038159234729661404,-0.0038103454826786936,-0.010718846847456297,-0.012020202535205337,0.0023437455154049283,-0.01782630689032183,58.96789271195165,-4.09022992883376e-05,0.011032943822406853,0.03238993792848953,0.032030283975883166,1.0112285595993205,,,0.01341170942434098,0.0066224235041599236,0.007859956504714678,0.0457779270495559,0.036715331920648145,0.013128109164946812,0.04402095533455547,0.024027234998521864,0.031209621340802816,0.02901487931721301,0.03840754912431965
2026-05-08,80.3949966430664,16.43829917907715,4720.39990234375,7398.93017578125,17.190000534057617,97.83999633789062,101.29000091552734,3.63,4.39,1321.5570073196286,0.011032943822406853,0.02621542061129455,0.036715331920648145,0.013128109164946812,-0.04402095533455547,138.66021179581003,8.977572453411995,1.0058719442239645,0.00437360801983576,0.008390405429031966,0.0023630879681358777,0.012217717076744372,-0.004181796800026888,0.006440316794081857,58.71509545925028,1.0335220489016466e-05,0.06063508164065469,0.0288762003215238,0.031695332718275376,0.911055283066138,,,0.01328705613246577,0.006680947574346468,0.00786925683013781,0.04577734808195558,0.02621542061129455,0.036715331920648145,0.013128109164946812,0.04402095533455547,0.020256501814729825,0.02899712811689655,0.03839695421071246
2026-05-11,85.48500061035156,16.42591094970703,4718.7001953125,7412.83984375,18.3799991607666,97.94000244140625,104.20999908447266,3.63,4.39,1404.169007561286,0.06063508164065469,0.011032943822406853,0.02621542061129455,0.036715331920648145,0.013128109164946812,168.37645490677096,154.5434556590335,1.0191694405683764,-0.0003601417575905551,0.0018781917406753333,-0.000753904013413492,0.02842038648154794,0.0010216172523977618,0.0692262123175218,55.199159637616035,2.715123164453084e-07,-0.0038760834384556544,0.032120293434118284,0.03204895829169163,1.0022258178183951,,,0.013224431069468504,0.0066003041354175205,0.007850802498744865,0.04605115022608793,0.011032943822406853,0.02621542061129455,0.036715331920648145,0.013128109164946812,0.02465229349991884,0.03161004478693828,0.038603558879105423
2026-05-12,85.12999725341797,16.430599212646484,4677.60009765625,7400.9599609375,17.989999771118164,98.29000091552734,107.7699966430664,3.63,4.39,1398.7368658446067,-0.0038760834384556544,0.06063508164065469,0.011032943822406853,0.02621542061129455,0.036715331920648145,132.89204442687333,116.1243506318715,1.0289822140155003,-0.008748200566985706,-0.0016038944114079717,0.00028537802390486233,0.0335912102407572,0.0035672306913487398,-0.021218683757119994,54.94655525163246,-2.496544190529777e-06,0.048117212991076214,0.033002789131152475,0.03177263626440746,1.0387173685087965,,,0.013327313763744571,0.006551516350368026,0.007497842635004662,0.04571013300117695,0.06063508164065469,0.011032943822406853,0.02621542061129455,0.036715331920648145,0.026343872447900908,0.031653258033936885,0.03841821709759509
2026-05-13,88.88800048828125,16.511629104614258,4697.7001953125,7444.25,17.8700008392334,98.4800033569336,105.62999725341797,3.63,4.39,1467.685695913271,0.048117212991076214,-0.0038760834384556544,0.06063508164065469,0.011032943822406853,0.02621542061129455,256.35586859856267,225.35833598440513,1.0527537706110415,0.0042878900568158315,0.005832206062995343,0.004919524848729188,-0.02005689962652764,0.0019312140705727032,-0.006670313141271755,52.84965540350783,2.1094381683124293e-05,-0.053332754988796444,0.022626345121243563,0.031588693981332426,0.7162798542609824,,,0.012742720944442985,0.006300700604898613,0.007227383925953708,0.04456994653698342,0.0038760834384556544,0.06063508164065469,0.011032943822406853,0.02621542061129455,0.04524889714246544,0.03215442380177302,0.038474342856561185
2026-05-14,84.91200256347656,16.3870906829834,4678.10009765625,7501.240234375,17.260000228881836,98.87999725341797,105.72000122070312,3.63,4.39,1391.4606860814092,-0.053332754988796444,0.048117212991076214,-0.0038760834384556544,0.06063508164065469,0.011032943822406853,164.1235455822025,121.51385678765655,1.0680107146504045,-0.004181003348170271,0.007626449143738461,-0.007571055489211668,0.0008517054494981967,0.0040534499687955045,-0.0341354550477867,55.093508060407636,3.1654608349576896e-05,-0.08980067254957005,0.03820554851164788,0.03586445719468047,1.0652760839027742,,,0.012729033906827775,0.006288990863059557,0.007382796415691395,0.04457273143521767,0.048117212991076214,0.0038760834384556544,0.06063508164065469,0.011032943822406853,0.06446457158582208,0.03462576384868296,0.03659443646197583
2026-05-15,77.16100311279297,16.484399795532227,4555.7998046875,7408.5,18.43000030517578,99.2699966430664,109.26000213623047,3.63,4.39,1271.952823935586,-0.08980067254957005,-0.053332754988796444,0.048117212991076214,-0.0038760834384556544,0.06063508164065469,-1.2838595408102265,27.92387647854048,1.0665131788761684,-0.026490961871465643,-0.012440381787730354,0.00592059534774872,0.032936281236722674,0.0039364108529774495,0.06778679378787822,59.04277576624931,-0.00015684226561358823,0.012668938897577472,0.054351135543535684,0.043784083226865854,1.2413446060276512,,,0.013873439367246523,0.0071506348449116835,0.007480695727661729,0.044066142200946255,0.053332754988796444,0.048117212991076214,0.0038760834384556544,0.06063508164065469,0.05457206757170189,0.04011581722226438,0.03814460373236868
2026-05-18,77.072998046875,16.71363067626953,4552.5,7403.0498046875,17.81999969482422,98.97000122070312,112.0999984741211,3.63,4.39,1288.1696244683117,0.012668938897577472,-0.08980067254957005,-0.053332754988796444,0.048117212991076214,-0.0038760834384556544,-18.886857462886837,78.25202402411378,1.0628809073177865,-0.0007245709743039084,-0.0007359385925655567,0.013810127932512866,0.025660933946969965,-0.0030265905427638794,-0.03309824201035161,59.06737917774026,-1.0006417851322467e-05,-0.03802263027335441,0.05349051216595516,0.0430239206916644,1.2432737720325566,,,0.013305018482910234,0.006832834575226206,0.008021526541868692,0.037869963672658,0.08980067254957005,0.053332754988796444,0.048117212991076214,0.0038760834384556544,0.054617417795030744,0.03905443450048218,0.037441825873447514
2026-05-19,74.8280029296875,16.572799682617188,4506.2998046875,7353.60986328125,18.059999465942383,99.30000305175781,111.27999877929688,3.63,4.39,1240.109503204003,-0.03802263027335441,0.012668938897577472,-0.08980067254957005,-0.053332754988796444,0.048117212991076214,-81.44750411562563,57.212707680184394,1.0530149051525053,-0.01020015827174435,-0.006700720556670582,-0.0084618165692132,-0.007341779820815514,0.00332881554116172,0.01346800085456068,60.222104402837886,8.631186827244341e-05,0.021021573211857172,0.054686408504498324,0.043958485214184766,1.2440467008369938,,,0.013295298001309706,0.00702784839364048,0.00827716691859855,0.036616484638821875,0.012668938897577472,0.08980067254957005,0.053332754988796444,0.048117212991076214,0.04638818566507973,0.039642849658662584,0.03705558493695327
2026-05-20,75.85099792480469,16.696609497070312,4531.2998046875,7432.97021484375,17.440000534057617,99.11000061035156,105.0199966430664,3.63,4.39,1266.4544923135545,0.021021573211857172,-0.03802263027335441,0.012668938897577472,-0.08980067254957005,-0.053332754988796444,-137.71451524773147,30.66193965903949,1.0369010031590717,0.005532456591871891,0.010734208066325955,0.007442896586386178,-0.057898760400528104,-0.00191525120689174,-0.03432995294678509,59.73948832129578,4.117750228197301e-05,-0.007018370036069623,0.04789707689406678,0.04275615989663216,1.1202380431232217,,,0.012616000158121548,0.007047977868313633,0.008350045978761721,0.03881385856095823,0.03802263027335441,0.012668938897577472,0.08980067254957005,0.053332754988796444,0.045042301812068336,0.03847229250780489,0.03714867251431323
2026-05-21,76.41400146484375,16.457679748535156,4539.7998046875,7445.72021484375,16.760000228881836,99.19000244140625,102.58000183105469,3.63,4.39,1257.5971644124947,-0.007018370036069623,0.021021573211857172,-0.03802263027335441,0.012668938897577472,-0.08980067254957005,-141.1397014321119,-8.24765700523858,1.0210666579621541,0.0018740842574405403,0.0017138609316666425,-0.014413452399748934,-0.023507776433866406,0.0008068767943914787,-0.03899084199268488,59.410575518364304,-2.7012024237738052e-05,-0.008086651078939862,0.047792831214758025,0.04231472072589384,1.1294611046673395,,,0.012479265114590745,0.0068069278375036315,0.008876388846843249,0.03853933227755775,0.021021573211857172,0.03802263027335441,0.012668938897577472,0.08980067254957005,0.02284305109306865,0.03805442457120429,0.036262325440979
2026-05-22,75.89299774169922,16.43720054626465,4521.0,7473.47021484375,16.700000762939453,99.31999969482422,103.54000091552734,3.63,4.39,1247.4684239375201,-0.008086651078939862,-0.007018370036069623,0.021021573211857172,-0.03802263027335441,0.012668938897577472,-220.21727197575092,36.13859662281175,0.996647860562793,-0.0041497068847259145,0.003720045284340991,-0.0012451302289476635,0.009315020504873988,0.0013097301959805485,-0.003579920353401156,59.570713168916605,5.166925483444473e-06,-0.002321566534884745,0.03936099062568393,0.04052144254264771,0.9713620284928791,,,0.012459081142346963,0.006666402300387966,0.00888030979867768,0.03798136488972269,0.007018370036069623,0.021021573211857172,0.03802263027335441,0.012668938897577472,0.0210393412678633,0.03743489805966675,0.03590385870018881
2026-05-26,76.30500030517578,16.31053924560547,4500.39990234375,7519.1201171875,17.010000228881836,99.16999816894531,99.58000183105469,3.63,4.39,1244.5757021135068,-0.002321566534884745,-0.008086651078939862,-0.007018370036069623,0.021021573211857172,-0.03802263027335441,-146.88498396790237,17.238561614300124,0.9804465727604385,-0.004566948297148642,0.006089680623147164,-0.007735613699038758,-0.038996660714200784,-0.0015114268330768423,0.01856284142395559,58.97909552905784,3.5328147810224765e-05,-0.019476005006686503,0.03753754349134564,0.040408215979427994,0.9289581977698835,,,0.012404981850256432,0.006601129333335681,0.008722713684485675,0.038875760161025376,0.008086651078939862,0.007018370036069623,0.021021573211857172,0.03802263027335441,0.014923312889676646,0.037101715856318565,0.03585428054161307
2026-05-27,74.5989990234375,16.361759185791016,4447.5,7520.35986328125,16.290000915527344,99.20999908447266,94.29000091552734,3.63,4.39,1220.5708575225435,-0.019476005006686503,-0.002321566534884745,-0.008086651078939862,-0.007018370036069623,0.021021573211857172,-51.38196641304239,-52.66582595385262,0.9767574190862944,-0.011824119457466382,0.00016486555361860245,0.0031353767322653283,-0.05458621041452907,0.0004032756993978764,-0.042328001391321646,59.61876242605729,-3.7073069026465833e-05,0.014397154295941161,0.019598404081253476,0.03936460753673836,0.49786865175685036,,,0.012468454698732633,0.006613827246144124,0.008759193140610872,0.039820348949981973,0.002321566534884745,0.008086651078939862,0.007018370036069623,0.021021573211857172,0.012301778189475804,0.03707224179186305,0.03558926812155046
2026-05-28,75.6449966430664,16.36949920654297,4499.2998046875,7563.6298828125,15.739999771118164,99.0199966430664,93.70999908447266,3.63,4.39,1238.270712527621,0.014397154295941161,-0.019476005006686503,-0.002321566534884745,-0.008086651078939862,-0.007018370036069623,-49.898911940690596,-68.78576940357743,0.972687690857328,0.011579645153313877,0.0057372272122164095,0.00047294367991893715,-0.006170251821344239,-0.0019169904019299942,-0.03376311316747249,59.47914606854443,5.47651999096375e-06,-0.009605617603632849,0.019880034885157293,0.03881234208760275,0.5122091019471684,,,0.01227754234360451,0.006443980144784613,0.00873674446113331,0.03904545127284308,0.019476005006686503,0.002321566534884745,0.008086651078939862,0.007018370036069623,0.012487150714022953,0.03668310232292332,0.03510693780118325
2026-05-29,75.61599731445312,16.21923065185547,4560.5,7580.06005859375,15.319999694824219,98.91000366210938,92.05000305175781,3.63,4.39,1226.433301413199,-0.009605617603632849,0.014397154295941161,-0.019476005006686503,-0.002321566534884745,-0.008086651078939862,-13.676201790804043,-95.12370590642968,0.9726500620286619,0.013510480926909142,0.0021699047314878454,-0.009222183273210286,-0.017872956533589914,-0.001111433255293822,-0.026683613875561618,60.311311917700685,-0.00012459613121716808,-0.007425102617911634,0.014278423569779342,0.038594435279040495,0.36996068128851556,,,0.012477244213003834,0.00640542026961735,0.0089418437265756,0.035903625705133585,0.014397154295941161,0.019476005006686503,0.002321566534884745,0.008086651078939862,0.012449964225482578,0.03637202612383771,0.03396621991874812
2026-06-01,75.00700378417969,16.22995948791504,4475.2001953125,7599.9599609375,16.049999237060547,99.19999694824219,94.9800033569336,3.63,4.39,1217.3606327271264,-0.007425102617911634,-0.009605617603632849,0.014397154295941161,-0.019476005006686503,-0.002321566534884745,-49.09385958642815,-186.80837483415962,0.9702772154214498,-0.018881179529217973,0.0026218560604907887,0.0006612699056164822,0.03133443763221026,0.002927600750727831,0.04765010161736205,59.66376430911908,-1.2485555805213826e-05,0.007920140508964797,0.010252908991590445,0.0336100269613204,0.3050550659596273,,,0.012640246015768727,0.006182534418591461,0.00800334894450832,0.03668614654838292,0.009605617603632849,0.014397154295941161,0.019476005006686503,0.002321566534884745,0.013751849873829271,0.03510793774323677,0.03364429538242851
2026-06-02,75.31099700927734,16.292980194091797,4489.10009765625,7609.77978515625,15.770000457763672,99.22000122070312,96.0,3.63,4.39,1227.0405826694623,0.007920140508964797,-0.007425102617911634,-0.009605617603632849,0.014397154295941161,-0.019476005006686503,-30.55658174303244,-171.69628317514434,0.9690194548737021,0.00310117087321733,0.0012912549125880068,0.0038754667117956096,0.010681813003277212,0.0002016356487584215,-0.017445407639044563,59.60749792096433,1.2018484486743885e-05,-0.027099557793082547,0.011409573358826941,0.033927051429826736,0.3362972282582828,,,0.01263679463388481,0.006187395860801572,0.007938431507169021,0.03547986020002898,0.007425102617911634,0.009605617603632849,0.014397154295941161,0.019476005006686503,0.016252934359798365,0.034714089403841075,0.03279833932441621
2026-06-03,73.47599792480469,16.253400802612305,4436.7001953125,7553.68017578125,16.059999465942383,99.52999877929688,97.80999755859375,3.63,4.39,1194.2348436437605,-0.027099557793082547,0.007920140508964797,-0.007425102617911634,-0.009605617603632849,0.014397154295941161,-53.23358029375959,-273.4508522695105,0.964437344422458,-0.011741357101359375,-0.007399348892067432,-0.0024321850711800067,0.018678604873863122,0.00311947481739951,0.01838928343441748,60.382986561856804,2.8557153457319627e-05,0.00937416934503078,0.014518953006722752,0.029834602775479516,0.4866481084392248,,,0.011786269841842596,0.006401393812073626,0.007884527547313742,0.033056473586280555,0.007920140508964797,0.007425102617911634,0.009605617603632849,0.014397154295941161,0.0149026500175444,0.03386328529515638,0.032825032166995984
2026-06-04,73.77899932861328,16.339099884033203,4475.7998046875,7584.31005859375,15.399999618530273,99.41000366210938,95.02999877929688,3.63,4.39,1205.482439374231,0.00937416934503078,-0.027099557793082547,0.007920140508964797,-0.007425102617911634,-0.009605617603632849,-39.093262739275815,-185.9782467071782,0.9619858241781328,0.008774162180750182,0.0040467623691873905,0.005258834217590883,-0.028834177963925674,-0.001206344930803231,-0.04109588227644323,60.66495676841847,4.61418643068209e-05,-0.06976671005268643,0.015670963693538435,0.028258378404590674,0.5545599067706104,,,0.01181661647122368,0.0062776004798400595,0.007398866010845053,0.032555108204473056,0.027099557793082547,0.007920140508964797,0.007425102617911634,0.009605617603632849,0.03276361540905057,0.03379661013154946,0.03275943310485274
2026-06-05,68.94300079345703,16.306900024414062,4337.10009765625,7383.740234375,21.510000228881836,100.06999969482422,93.08999633789062,3.63,4.39,1124.2466213220032,-0.06976671005268643,0.00937416934503078,-0.027099557793082547,0.007920140508964797,-0.007425102617911634,-96.32423620054033,-147.70620261358272,0.9540867075342753,-0.03147911854461129,-0.026801330315360895,-0.001972668636364455,-0.02062589058882562,0.006617188990247966,0.3967532962143463,62.908490314333086,6.209786985335337e-05,0.007709101216320939,0.02927362019621924,0.024124922047073817,1.213418229459934,,,0.011777981813846731,0.008330096632941274,0.006927493445638648,0.02796737368552335,0.00937416934503078,0.027099557793082547,0.007920140508964797,0.007425102617911634,0.03456501029048331,0.035806049705388206,0.03332641263504247
2026-06-08,68.42500305175781,16.5575008392334,4335.89990234375,7405.72998046875,18.920000076293945,100.05000305175781,94.25,3.63,4.39,1132.9470454540278,0.007709101216320939,-0.06976671005268643,0.00937416934503078,-0.027099557793082547,0.007920140508964797,-105.32366707359324,-155.22257901428384,0.9455905817857999,-0.00027676589880344627,0.0029737052076611974,0.01525088944130138,0.012384098539172075,-0.00019984652067273417,-0.12040911785348352,63.36718610102221,-4.220926123773765e-06,-0.05180415639546566,0.028373540958456418,0.02381961369359583,1.1911839261307988,,,0.011681860750790132,0.008301540293419984,0.0073685134757748485,0.028124503322957323,0.06976671005268643,0.00937416934503078,0.027099557793082547,0.007920140508964797,0.035248120424216246,0.03519800760057356,0.03330353965757772
2026-06-09,65.09400177001953,16.526100158691406,4260.0,7386.64990234375,19.8700008392334,99.91000366210938,91.44999694824219,3.63,4.39,1075.7499929813785,-0.05180415639546566,0.007709101216320939,-0.06976671005268643,0.00937416934503078,-0.027099557793082547,-150.68330843182048,-164.35951022262452,0.93263905206505,-0.017660018336772308,-0.0025797185926219454,-0.0018982631287972546,-0.03015848486202582,-0.0014002741330599172,0.05021145661250648,65.44381792735373,3.352336166257829e-05,-0.012328005754608573,0.031873699052932476,0.02533992440120376,1.2578450727902855,,,0.011895024621393612,0.008119613995410495,0.007372061084574531,0.028507090282447807,0.007709101216320939,0.06976671005268643,0.00937416934503078,0.027099557793082547,0.03578118399526139,0.03626044752778002,0.03354120716331572
2026-06-10,64.5989990234375,16.448699951171875,4108.2001953125,7266.990234375,22.219999313354492,99.94999694824219,93.0999984741211,3.63,4.39,1062.5695520825684,-0.012328005754608573,-0.05180415639546566,0.007709101216320939,-0.06976671005268643,0.00937416934503078,-154.79108064455795,-203.8849402309861,0.9185863895307111,-0.03628413636623409,-0.016332095868206012,-0.004694515169773985,0.017881826427250145,0.00040021301455500164,0.11826866506623457,63.5954156785306,0.00017033642859343385,-0.0030020316584902333,0.03163692979345113,0.0236979364776728,1.3350077895287684,,,0.013663226192993264,0.008840532551123097,0.007448743386351106,0.027979694411398713,0.05180415639546566,0.007709101216320939,0.06976671005268643,0.00937416934503078,0.033291824217140095,0.03247170916312315,0.033075439596624796
2026-06-11,63.8849983215332,16.582679748535156,4090.300048828125,7394.2998046875,19.440000534057617,99.86000061035156,90.37999725341797,3.63,4.39,1059.384467901691,-0.0030020316584902333,-0.012328005754608573,-0.05180415639546566,0.007709101216320939,-0.06976671005268643,-167.65611476777121,-198.21269651080365,0.9023667864614383,-0.004366694979494386,0.01736719891346488,0.008112318246757065,-0.02965119429947919,-0.0009008192290283003,-0.12511246018023325,64.02598663682582,-3.542401936017477e-05,0.041956810273090804,0.03030463300915517,0.023794010567994555,1.2736244242035468,,,0.01366219631697033,0.00969771183887616,0.007653277625532861,0.026961664065865174,0.012328005754608573,0.05180415639546566,0.007709101216320939,0.06976671005268643,0.033924322145878344,0.03248491509201109,0.033000322849987704
